{
  "checkpoint-1": {
    "kl_mean": 0.0,
    "kl_stderr": 0.0,
    "tv_mean": 0.0,
    "tv_stderr": 0.0,
    "num_eval_kl": 100
  },
  "checkpoint-2": {
    "kl_mean": 0.00039170155650936067,
    "kl_stderr": 8.314990560392441e-06,
    "tv_mean": 0.005354281980544329,
    "tv_stderr": 7.134170415445903e-05,
    "num_eval_kl": 100
  },
  "checkpoint-3": {
    "kl_mean": 0.0005142157897353172,
    "kl_stderr": 9.190425602004184e-06,
    "tv_mean": 0.006226451136171818,
    "tv_stderr": 7.714454960884344e-05,
    "num_eval_kl": 100
  },
  "checkpoint-4": {
    "kl_mean": 0.0008462695986963809,
    "kl_stderr": 1.6356124291940103e-05,
    "tv_mean": 0.007836133241653442,
    "tv_stderr": 9.616548825298612e-05,
    "num_eval_kl": 100
  },
  "checkpoint-5": {
    "kl_mean": 0.0012552628759294748,
    "kl_stderr": 2.823558091041174e-05,
    "tv_mean": 0.009489131160080433,
    "tv_stderr": 0.00011868397207846362,
    "num_eval_kl": 100
  },
  "checkpoint-6": {
    "kl_mean": 0.001514259958639741,
    "kl_stderr": 3.6036124185237375e-05,
    "tv_mean": 0.010276646353304386,
    "tv_stderr": 0.00013071753044117878,
    "num_eval_kl": 100
  },
  "checkpoint-7": {
    "kl_mean": 0.0017155759269371629,
    "kl_stderr": 4.5003996539898e-05,
    "tv_mean": 0.011169209145009518,
    "tv_stderr": 0.00014103863770504143,
    "num_eval_kl": 100
  },
  "checkpoint-8": {
    "kl_mean": 0.002108377404510975,
    "kl_stderr": 7.241341946543638e-05,
    "tv_mean": 0.012143859639763832,
    "tv_stderr": 0.00016098251512884856,
    "num_eval_kl": 100
  },
  "checkpoint-9": {
    "kl_mean": 0.002628669375553727,
    "kl_stderr": 0.00011211482164942981,
    "tv_mean": 0.013306320644915104,
    "tv_stderr": 0.00018352404508807508,
    "num_eval_kl": 100
  },
  "checkpoint-10": {
    "kl_mean": 0.003583646612241864,
    "kl_stderr": 0.0001698747480819421,
    "tv_mean": 0.01550254411995411,
    "tv_stderr": 0.00021674207500143512,
    "num_eval_kl": 100
  },
  "checkpoint-11": {
    "kl_mean": 0.005111771170049906,
    "kl_stderr": 0.0002318134894835033,
    "tv_mean": 0.018643131479620934,
    "tv_stderr": 0.00025480268077797397,
    "num_eval_kl": 100
  },
  "checkpoint-12": {
    "kl_mean": 0.007381521165370941,
    "kl_stderr": 0.00029865078193806076,
    "tv_mean": 0.02253812551498413,
    "tv_stderr": 0.0002993291008674086,
    "num_eval_kl": 100
  },
  "checkpoint-13": {
    "kl_mean": 0.010626707226037979,
    "kl_stderr": 0.0003968390590690575,
    "tv_mean": 0.026806581765413284,
    "tv_stderr": 0.0003525411097143197,
    "num_eval_kl": 100
  },
  "checkpoint-14": {
    "kl_mean": 0.014604778029024601,
    "kl_stderr": 0.0005151003224388422,
    "tv_mean": 0.031173396855592728,
    "tv_stderr": 0.0004049425226744281,
    "num_eval_kl": 100
  },
  "checkpoint-15": {
    "kl_mean": 0.019120119512081146,
    "kl_stderr": 0.0006604743248079704,
    "tv_mean": 0.0353100523352623,
    "tv_stderr": 0.00045396470515444363,
    "num_eval_kl": 100
  },
  "checkpoint-16": {
    "kl_mean": 0.023861782625317574,
    "kl_stderr": 0.000815953860569433,
    "tv_mean": 0.03934715688228607,
    "tv_stderr": 0.0004988644613959488,
    "num_eval_kl": 100
  },
  "checkpoint-17": {
    "kl_mean": 0.029414057731628418,
    "kl_stderr": 0.0010164485514611002,
    "tv_mean": 0.04318157583475113,
    "tv_stderr": 0.0005465829111929189,
    "num_eval_kl": 100
  },
  "checkpoint-18": {
    "kl_mean": 0.03527633473277092,
    "kl_stderr": 0.001237862907658571,
    "tv_mean": 0.047008316963911057,
    "tv_stderr": 0.0005937045165917753,
    "num_eval_kl": 100
  },
  "checkpoint-19": {
    "kl_mean": 0.04100601375102997,
    "kl_stderr": 0.001452463009944323,
    "tv_mean": 0.05034630373120308,
    "tv_stderr": 0.0006329151861230405,
    "num_eval_kl": 100
  },
  "checkpoint-20": {
    "kl_mean": 0.046677932143211365,
    "kl_stderr": 0.0016615268813850409,
    "tv_mean": 0.053587883710861206,
    "tv_stderr": 0.000669771000586364,
    "num_eval_kl": 100
  },
  "checkpoint-21": {
    "kl_mean": 0.05241459235548973,
    "kl_stderr": 0.0018810693980768913,
    "tv_mean": 0.05659102275967598,
    "tv_stderr": 0.0007033879641215182,
    "num_eval_kl": 100
  },
  "checkpoint-22": {
    "kl_mean": 0.05810919404029846,
    "kl_stderr": 0.002097874415377921,
    "tv_mean": 0.05932081863284111,
    "tv_stderr": 0.0007342955209982317,
    "num_eval_kl": 100
  },
  "checkpoint-23": {
    "kl_mean": 0.06324832886457443,
    "kl_stderr": 0.002295305876973784,
    "tv_mean": 0.06166571006178856,
    "tv_stderr": 0.0007602167580607552,
    "num_eval_kl": 100
  },
  "checkpoint-24": {
    "kl_mean": 0.0683279037475586,
    "kl_stderr": 0.0024954154002432565,
    "tv_mean": 0.0638272613286972,
    "tv_stderr": 0.0007846487999405374,
    "num_eval_kl": 100
  },
  "checkpoint-25": {
    "kl_mean": 0.07329918444156647,
    "kl_stderr": 0.00268788325171877,
    "tv_mean": 0.06587475538253784,
    "tv_stderr": 0.0008082097988965792,
    "num_eval_kl": 100
  },
  "checkpoint-26": {
    "kl_mean": 0.07744812965393066,
    "kl_stderr": 0.002836383117280047,
    "tv_mean": 0.06756988167762756,
    "tv_stderr": 0.0008271402071686104,
    "num_eval_kl": 100
  },
  "checkpoint-27": {
    "kl_mean": 0.08166835457086563,
    "kl_stderr": 0.0029924457034033645,
    "tv_mean": 0.06924665719270706,
    "tv_stderr": 0.0008455244052487942,
    "num_eval_kl": 100
  },
  "checkpoint-28": {
    "kl_mean": 0.08484691381454468,
    "kl_stderr": 0.0031177074401743587,
    "tv_mean": 0.07035087049007416,
    "tv_stderr": 0.0008579061228437422,
    "num_eval_kl": 100
  },
  "checkpoint-29": {
    "kl_mean": 0.08817985653877258,
    "kl_stderr": 0.0032289865100446425,
    "tv_mean": 0.07165565341711044,
    "tv_stderr": 0.0008719915160632563,
    "num_eval_kl": 100
  },
  "checkpoint-30": {
    "kl_mean": 0.09106521308422089,
    "kl_stderr": 0.0033422119969336514,
    "tv_mean": 0.07269451767206192,
    "tv_stderr": 0.0008829248598510574,
    "num_eval_kl": 100
  },
  "checkpoint-31": {
    "kl_mean": 0.09416258335113525,
    "kl_stderr": 0.0034552970762340776,
    "tv_mean": 0.07373958081007004,
    "tv_stderr": 0.0008952090659457876,
    "num_eval_kl": 100
  },
  "checkpoint-32": {
    "kl_mean": 0.09694752842187881,
    "kl_stderr": 0.0035576420964742767,
    "tv_mean": 0.07470051199197769,
    "tv_stderr": 0.0009053910833440432,
    "num_eval_kl": 100
  }
}