{
  "checkpoint-1": {
    "kl_mean": 0.0,
    "kl_stderr": 0.0,
    "tv_mean": 0.0,
    "tv_stderr": 0.0,
    "num_eval_kl": 100
  },
  "checkpoint-2": {
    "kl_mean": 0.0005969040794298053,
    "kl_stderr": 1.551304861431668e-05,
    "tv_mean": 0.0077393390238285065,
    "tv_stderr": 7.92208293914867e-05,
    "num_eval_kl": 100
  },
  "checkpoint-3": {
    "kl_mean": 0.0008486286387778819,
    "kl_stderr": 1.3318193908340975e-05,
    "tv_mean": 0.009410052560269833,
    "tv_stderr": 8.976371902939175e-05,
    "num_eval_kl": 100
  },
  "checkpoint-4": {
    "kl_mean": 0.002284526824951172,
    "kl_stderr": 5.5473595607686315e-05,
    "tv_mean": 0.014158143661916256,
    "tv_stderr": 0.00014836751766281723,
    "num_eval_kl": 100
  },
  "checkpoint-5": {
    "kl_mean": 0.00411943206563592,
    "kl_stderr": 0.00010997143383256793,
    "tv_mean": 0.018482213839888573,
    "tv_stderr": 0.0002015238393376761,
    "num_eval_kl": 100
  },
  "checkpoint-6": {
    "kl_mean": 0.007145953830331564,
    "kl_stderr": 0.00019401099446458365,
    "tv_mean": 0.02432737685739994,
    "tv_stderr": 0.0002698742531795801,
    "num_eval_kl": 100
  },
  "checkpoint-7": {
    "kl_mean": 0.009723161347210407,
    "kl_stderr": 0.0002551027112953785,
    "tv_mean": 0.028957825154066086,
    "tv_stderr": 0.0003151406125910033,
    "num_eval_kl": 100
  },
  "checkpoint-8": {
    "kl_mean": 0.010293536819517612,
    "kl_stderr": 0.0002590688646426533,
    "tv_mean": 0.030933810397982597,
    "tv_stderr": 0.0003214604173406374,
    "num_eval_kl": 100
  },
  "checkpoint-9": {
    "kl_mean": 0.01011215802282095,
    "kl_stderr": 0.0002591886102507939,
    "tv_mean": 0.03131857514381409,
    "tv_stderr": 0.00031968623173296557,
    "num_eval_kl": 100
  },
  "checkpoint-10": {
    "kl_mean": 0.010128562338650227,
    "kl_stderr": 0.00027660563604660587,
    "tv_mean": 0.03140440955758095,
    "tv_stderr": 0.00032385435419985303,
    "num_eval_kl": 100
  },
  "checkpoint-11": {
    "kl_mean": 0.012403301894664764,
    "kl_stderr": 0.0005055518156673359,
    "tv_mean": 0.033101439476013184,
    "tv_stderr": 0.00036832215670051804,
    "num_eval_kl": 100
  },
  "checkpoint-12": {
    "kl_mean": 0.01870713382959366,
    "kl_stderr": 0.0013989584640642402,
    "tv_mean": 0.036464493721723557,
    "tv_stderr": 0.0004317453367768697,
    "num_eval_kl": 100
  },
  "checkpoint-13": {
    "kl_mean": 0.026995787397027016,
    "kl_stderr": 0.002343277856581127,
    "tv_mean": 0.04060498997569084,
    "tv_stderr": 0.0004891719168785006,
    "num_eval_kl": 100
  },
  "checkpoint-14": {
    "kl_mean": 0.03588070720434189,
    "kl_stderr": 0.003056894926986133,
    "tv_mean": 0.045272283256053925,
    "tv_stderr": 0.0005481079960286329,
    "num_eval_kl": 100
  },
  "checkpoint-15": {
    "kl_mean": 0.04465726390480995,
    "kl_stderr": 0.0036349096866573043,
    "tv_mean": 0.049751680344343185,
    "tv_stderr": 0.0006006925188787373,
    "num_eval_kl": 100
  },
  "checkpoint-16": {
    "kl_mean": 0.047885261476039886,
    "kl_stderr": 0.003580459137110932,
    "tv_mean": 0.05310172215104103,
    "tv_stderr": 0.0006258568687871116,
    "num_eval_kl": 100
  },
  "checkpoint-17": {
    "kl_mean": 0.049775995314121246,
    "kl_stderr": 0.003329360290901862,
    "tv_mean": 0.05647927522659302,
    "tv_stderr": 0.000648619154306306,
    "num_eval_kl": 100
  },
  "checkpoint-18": {
    "kl_mean": 0.05188792943954468,
    "kl_stderr": 0.003115652417211183,
    "tv_mean": 0.059628553688526154,
    "tv_stderr": 0.0006703157580965825,
    "num_eval_kl": 100
  },
  "checkpoint-19": {
    "kl_mean": 0.05467453598976135,
    "kl_stderr": 0.0029242514706275657,
    "tv_mean": 0.06301853805780411,
    "tv_stderr": 0.0006960047129723853,
    "num_eval_kl": 100
  },
  "checkpoint-20": {
    "kl_mean": 0.05695367604494095,
    "kl_stderr": 0.002717425989310649,
    "tv_mean": 0.06576837599277496,
    "tv_stderr": 0.0007176186326911583,
    "num_eval_kl": 100
  },
  "checkpoint-21": {
    "kl_mean": 0.05960296839475632,
    "kl_stderr": 0.002602799858111056,
    "tv_mean": 0.06843457370996475,
    "tv_stderr": 0.0007372101520371501,
    "num_eval_kl": 100
  },
  "checkpoint-22": {
    "kl_mean": 0.0628432109951973,
    "kl_stderr": 0.002534910708686392,
    "tv_mean": 0.07111207395792007,
    "tv_stderr": 0.0007584058832474938,
    "num_eval_kl": 100
  },
  "checkpoint-23": {
    "kl_mean": 0.06604308634996414,
    "kl_stderr": 0.0024102591067252464,
    "tv_mean": 0.0738530308008194,
    "tv_stderr": 0.000780306488039874,
    "num_eval_kl": 100
  },
  "checkpoint-24": {
    "kl_mean": 0.06936752796173096,
    "kl_stderr": 0.002319004283956839,
    "tv_mean": 0.07643700391054153,
    "tv_stderr": 0.000802022760452664,
    "num_eval_kl": 100
  },
  "checkpoint-25": {
    "kl_mean": 0.07235769927501678,
    "kl_stderr": 0.0022210890045662275,
    "tv_mean": 0.07898643612861633,
    "tv_stderr": 0.0008220559297769153,
    "num_eval_kl": 100
  },
  "checkpoint-26": {
    "kl_mean": 0.07511784136295319,
    "kl_stderr": 0.002158371565008442,
    "tv_mean": 0.0812239944934845,
    "tv_stderr": 0.0008393433485615635,
    "num_eval_kl": 100
  },
  "checkpoint-27": {
    "kl_mean": 0.07788052409887314,
    "kl_stderr": 0.0021338220898336328,
    "tv_mean": 0.08328425139188766,
    "tv_stderr": 0.0008561103345108315,
    "num_eval_kl": 100
  },
  "checkpoint-28": {
    "kl_mean": 0.08087361603975296,
    "kl_stderr": 0.0021724363097951824,
    "tv_mean": 0.08514662832021713,
    "tv_stderr": 0.000871324041116857,
    "num_eval_kl": 100
  },
  "checkpoint-29": {
    "kl_mean": 0.08338183909654617,
    "kl_stderr": 0.0022019232052397654,
    "tv_mean": 0.08685378730297089,
    "tv_stderr": 0.0008845512168490103,
    "num_eval_kl": 100
  },
  "checkpoint-30": {
    "kl_mean": 0.08595039695501328,
    "kl_stderr": 0.0022437229834790526,
    "tv_mean": 0.0883219763636589,
    "tv_stderr": 0.000897351426340373,
    "num_eval_kl": 100
  },
  "checkpoint-31": {
    "kl_mean": 0.0880190059542656,
    "kl_stderr": 0.0022832927842302703,
    "tv_mean": 0.0894661471247673,
    "tv_stderr": 0.0009073860541190193,
    "num_eval_kl": 100
  },
  "checkpoint-32": {
    "kl_mean": 0.09029930084943771,
    "kl_stderr": 0.0023298021951661985,
    "tv_mean": 0.09075985848903656,
    "tv_stderr": 0.0009175572785845989,
    "num_eval_kl": 100
  }
}