{
  "checkpoint-66": {
    "kl_mean": 0.04036065191030502,
    "kl_stderr": 0.0017671568236519487,
    "tv_mean": 0.04884174093604088,
    "tv_stderr": 0.0006481898661206706,
    "num_eval_kl": 100
  },
  "checkpoint-132": {
    "kl_mean": 0.05172921344637871,
    "kl_stderr": 0.0014490902319625098,
    "tv_mean": 0.06275606900453568,
    "tv_stderr": 0.000763323145320243,
    "num_eval_kl": 100
  },
  "checkpoint-198": {
    "kl_mean": 0.06692830473184586,
    "kl_stderr": 0.0022582370741815482,
    "tv_mean": 0.06550238281488419,
    "tv_stderr": 0.0008159298158255991,
    "num_eval_kl": 100
  },
  "checkpoint-264": {
    "kl_mean": 0.08402176201343536,
    "kl_stderr": 0.0026569247778873216,
    "tv_mean": 0.07199814915657043,
    "tv_stderr": 0.000890183895407716,
    "num_eval_kl": 100
  },
  "checkpoint-330": {
    "kl_mean": 0.11215435713529587,
    "kl_stderr": 0.0033317414164237614,
    "tv_mean": 0.0797366350889206,
    "tv_stderr": 0.0009529407835171902,
    "num_eval_kl": 100
  },
  "checkpoint-396": {
    "kl_mean": 0.1139376163482666,
    "kl_stderr": 0.0031965720303156523,
    "tv_mean": 0.08331317454576492,
    "tv_stderr": 0.000994866346212209,
    "num_eval_kl": 100
  },
  "checkpoint-462": {
    "kl_mean": 0.13939784467220306,
    "kl_stderr": 0.0034867899032244684,
    "tv_mean": 0.0908900573849678,
    "tv_stderr": 0.001054563792239481,
    "num_eval_kl": 100
  },
  "checkpoint-528": {
    "kl_mean": 0.11990903317928314,
    "kl_stderr": 0.0030242081876252895,
    "tv_mean": 0.08739740401506424,
    "tv_stderr": 0.0010296242101455802,
    "num_eval_kl": 100
  },
  "checkpoint-594": {
    "kl_mean": 0.12613601982593536,
    "kl_stderr": 0.003303335167589732,
    "tv_mean": 0.08861930668354034,
    "tv_stderr": 0.0010507824593288938,
    "num_eval_kl": 100
  },
  "checkpoint-660": {
    "kl_mean": 0.1447879672050476,
    "kl_stderr": 0.0036063255669868495,
    "tv_mean": 0.09525655210018158,
    "tv_stderr": 0.0011139381824511678,
    "num_eval_kl": 100
  },
  "checkpoint-726": {
    "kl_mean": 0.1386437714099884,
    "kl_stderr": 0.00326324312370236,
    "tv_mean": 0.09424854069948196,
    "tv_stderr": 0.0010927592315461132,
    "num_eval_kl": 100
  },
  "checkpoint-792": {
    "kl_mean": 0.14188048243522644,
    "kl_stderr": 0.0032324064927359707,
    "tv_mean": 0.09698628634214401,
    "tv_stderr": 0.0011182881589710432,
    "num_eval_kl": 100
  },
  "checkpoint-858": {
    "kl_mean": 0.16486486792564392,
    "kl_stderr": 0.004167230001037128,
    "tv_mean": 0.10165677219629288,
    "tv_stderr": 0.001180803872022238,
    "num_eval_kl": 100
  },
  "checkpoint-924": {
    "kl_mean": 0.16582642495632172,
    "kl_stderr": 0.00393621447613669,
    "tv_mean": 0.1047528088092804,
    "tv_stderr": 0.0012059711730552868,
    "num_eval_kl": 100
  },
  "checkpoint-990": {
    "kl_mean": 0.18728633224964142,
    "kl_stderr": 0.00416882730230407,
    "tv_mean": 0.11183352023363113,
    "tv_stderr": 0.0012533387825702188,
    "num_eval_kl": 100
  },
  "checkpoint-1056": {
    "kl_mean": 0.20420391857624054,
    "kl_stderr": 0.0046614685716093495,
    "tv_mean": 0.11462117731571198,
    "tv_stderr": 0.001288978757762605,
    "num_eval_kl": 100
  },
  "checkpoint-1122": {
    "kl_mean": 0.21918614208698273,
    "kl_stderr": 0.004942002179087859,
    "tv_mean": 0.11744872480630875,
    "tv_stderr": 0.0013142102341330499,
    "num_eval_kl": 100
  },
  "checkpoint-1188": {
    "kl_mean": 0.2278796136379242,
    "kl_stderr": 0.005126869861709614,
    "tv_mean": 0.11830156296491623,
    "tv_stderr": 0.001322216679494487,
    "num_eval_kl": 100
  },
  "checkpoint-1254": {
    "kl_mean": 0.23829954862594604,
    "kl_stderr": 0.005325551040553937,
    "tv_mean": 0.11949216574430466,
    "tv_stderr": 0.001333170723162511,
    "num_eval_kl": 100
  },
  "checkpoint-1320": {
    "kl_mean": 0.2445102334022522,
    "kl_stderr": 0.005423661947704701,
    "tv_mean": 0.12005714327096939,
    "tv_stderr": 0.0013376405517556223,
    "num_eval_kl": 100
  },
  "checkpoint-1386": {
    "kl_mean": 0.25159648060798645,
    "kl_stderr": 0.005552665489426983,
    "tv_mean": 0.12128929793834686,
    "tv_stderr": 0.0013479276731143048,
    "num_eval_kl": 100
  },
  "checkpoint-1452": {
    "kl_mean": 0.2580025792121887,
    "kl_stderr": 0.005639056171292455,
    "tv_mean": 0.12200646847486496,
    "tv_stderr": 0.0013533727707142641,
    "num_eval_kl": 100
  },
  "checkpoint-1518": {
    "kl_mean": 0.26438242197036743,
    "kl_stderr": 0.005776768818394626,
    "tv_mean": 0.12242161482572556,
    "tv_stderr": 0.0013570496144082757,
    "num_eval_kl": 100
  },
  "checkpoint-1584": {
    "kl_mean": 0.2708706855773926,
    "kl_stderr": 0.005884968655157512,
    "tv_mean": 0.12321338802576065,
    "tv_stderr": 0.0013649472122959287,
    "num_eval_kl": 100
  },
  "checkpoint-1600": {
    "kl_mean": 0.2713530361652374,
    "kl_stderr": 0.005833572599548267,
    "tv_mean": 0.12352835386991501,
    "tv_stderr": 0.0013665539927722988,
    "num_eval_kl": 100
  }
}