{
  "checkpoint-79": {
    "kl_mean": 0.07966537028551102,
    "kl_stderr": 0.0015340382340324774,
    "tv_mean": 0.08405660837888718,
    "tv_stderr": 0.0006273434898756681,
    "num_eval_kl": 100
  },
  "checkpoint-158": {
    "kl_mean": 0.10101233422756195,
    "kl_stderr": 0.0015731057282516838,
    "tv_mean": 0.09906371682882309,
    "tv_stderr": 0.0006950005145372112,
    "num_eval_kl": 100
  },
  "checkpoint-237": {
    "kl_mean": 0.4221913814544678,
    "kl_stderr": 0.0051254755751613664,
    "tv_mean": 0.20019425451755524,
    "tv_stderr": 0.0012289412745649082,
    "num_eval_kl": 100
  },
  "checkpoint-316": {
    "kl_mean": 0.3983217477798462,
    "kl_stderr": 0.004765918424686507,
    "tv_mean": 0.19499050080776215,
    "tv_stderr": 0.0011997571156801212,
    "num_eval_kl": 100
  },
  "checkpoint-395": {
    "kl_mean": 0.4258248209953308,
    "kl_stderr": 0.005057556779311865,
    "tv_mean": 0.20101478695869446,
    "tv_stderr": 0.0012298924046047562,
    "num_eval_kl": 100
  },
  "checkpoint-474": {
    "kl_mean": 0.527890682220459,
    "kl_stderr": 0.0052451820625996765,
    "tv_mean": 0.24070428311824799,
    "tv_stderr": 0.0013549760288218422,
    "num_eval_kl": 100
  },
  "checkpoint-553": {
    "kl_mean": 0.671187698841095,
    "kl_stderr": 0.006568177472485543,
    "tv_mean": 0.2665957510471344,
    "tv_stderr": 0.0014636451227390082,
    "num_eval_kl": 100
  },
  "checkpoint-632": {
    "kl_mean": 0.8444976806640625,
    "kl_stderr": 0.008182760734516775,
    "tv_mean": 0.28988707065582275,
    "tv_stderr": 0.0015573573715742025,
    "num_eval_kl": 100
  },
  "checkpoint-711": {
    "kl_mean": 0.8711442351341248,
    "kl_stderr": 0.008372380100575175,
    "tv_mean": 0.29295462369918823,
    "tv_stderr": 0.001567611517542017,
    "num_eval_kl": 100
  },
  "checkpoint-790": {
    "kl_mean": 0.9897409081459045,
    "kl_stderr": 0.009086439868466793,
    "tv_mean": 0.308551162481308,
    "tv_stderr": 0.0016241827122129694,
    "num_eval_kl": 100
  },
  "checkpoint-869": {
    "kl_mean": 1.1155524253845215,
    "kl_stderr": 0.009909664572806407,
    "tv_mean": 0.32778599858283997,
    "tv_stderr": 0.0016829946866173818,
    "num_eval_kl": 100
  },
  "checkpoint-948": {
    "kl_mean": 1.3189902305603027,
    "kl_stderr": 0.011149543307197201,
    "tv_mean": 0.3550002872943878,
    "tv_stderr": 0.0017540865685885575,
    "num_eval_kl": 100
  },
  "checkpoint-1027": {
    "kl_mean": 1.366507649421692,
    "kl_stderr": 0.011388696117782954,
    "tv_mean": 0.3619323670864105,
    "tv_stderr": 0.0017719619979006077,
    "num_eval_kl": 100
  },
  "checkpoint-1106": {
    "kl_mean": 1.4532723426818848,
    "kl_stderr": 0.012012428068187926,
    "tv_mean": 0.36723631620407104,
    "tv_stderr": 0.0017966609244108394,
    "num_eval_kl": 100
  },
  "checkpoint-1185": {
    "kl_mean": 1.4580272436141968,
    "kl_stderr": 0.01212255163352886,
    "tv_mean": 0.3651809096336365,
    "tv_stderr": 0.0017963914248130643,
    "num_eval_kl": 100
  },
  "checkpoint-1264": {
    "kl_mean": 1.465048909187317,
    "kl_stderr": 0.012205026774490216,
    "tv_mean": 0.3645734190940857,
    "tv_stderr": 0.0017978048821015655,
    "num_eval_kl": 100
  },
  "checkpoint-1343": {
    "kl_mean": 1.469045877456665,
    "kl_stderr": 0.012243293574844822,
    "tv_mean": 0.36437109112739563,
    "tv_stderr": 0.0017984543746018251,
    "num_eval_kl": 100
  },
  "checkpoint-1422": {
    "kl_mean": 1.470687985420227,
    "kl_stderr": 0.012260550119220243,
    "tv_mean": 0.36402884125709534,
    "tv_stderr": 0.001798504571006181,
    "num_eval_kl": 100
  },
  "checkpoint-1501": {
    "kl_mean": 1.4734487533569336,
    "kl_stderr": 0.012287521504292295,
    "tv_mean": 0.3641519248485565,
    "tv_stderr": 0.0017989632253471984,
    "num_eval_kl": 100
  },
  "checkpoint-1580": {
    "kl_mean": 1.4750574827194214,
    "kl_stderr": 0.012308690919602364,
    "tv_mean": 0.36409062147140503,
    "tv_stderr": 0.0017992330310206098,
    "num_eval_kl": 100
  },
  "checkpoint-1659": {
    "kl_mean": 1.4776099920272827,
    "kl_stderr": 0.012329770960826629,
    "tv_mean": 0.36406221985816956,
    "tv_stderr": 0.0017998594148103278,
    "num_eval_kl": 100
  },
  "checkpoint-1738": {
    "kl_mean": 1.47826087474823,
    "kl_stderr": 0.01233354303696857,
    "tv_mean": 0.3639812469482422,
    "tv_stderr": 0.0017999223133535905,
    "num_eval_kl": 100
  },
  "checkpoint-1817": {
    "kl_mean": 1.4787436723709106,
    "kl_stderr": 0.012344771115611138,
    "tv_mean": 0.3638553023338318,
    "tv_stderr": 0.0018002205840611791,
    "num_eval_kl": 100
  },
  "checkpoint-1896": {
    "kl_mean": 1.4799152612686157,
    "kl_stderr": 0.012351989603417983,
    "tv_mean": 0.36402320861816406,
    "tv_stderr": 0.0018007070912851014,
    "num_eval_kl": 100
  },
  "checkpoint-1975": {
    "kl_mean": 1.4794955253601074,
    "kl_stderr": 0.012351277059336642,
    "tv_mean": 0.3638867735862732,
    "tv_stderr": 0.0018002533341542647,
    "num_eval_kl": 100
  },
  "checkpoint-2054": {
    "kl_mean": 1.4800753593444824,
    "kl_stderr": 0.01236233251132033,
    "tv_mean": 0.36372146010398865,
    "tv_stderr": 0.0017999152736139553,
    "num_eval_kl": 100
  },
  "checkpoint-2133": {
    "kl_mean": 1.480851173400879,
    "kl_stderr": 0.012366522074630204,
    "tv_mean": 0.3638943135738373,
    "tv_stderr": 0.0018005315569076749,
    "num_eval_kl": 100
  },
  "checkpoint-2212": {
    "kl_mean": 1.4802032709121704,
    "kl_stderr": 0.012365725053673242,
    "tv_mean": 0.3638167679309845,
    "tv_stderr": 0.0018002975620837122,
    "num_eval_kl": 100
  },
  "checkpoint-2291": {
    "kl_mean": 1.4814246892929077,
    "kl_stderr": 0.012371604154495574,
    "tv_mean": 0.3638747036457062,
    "tv_stderr": 0.0018003765295978814,
    "num_eval_kl": 100
  },
  "checkpoint-2370": {
    "kl_mean": 1.4816902875900269,
    "kl_stderr": 0.0123765552339886,
    "tv_mean": 0.3638322353363037,
    "tv_stderr": 0.001800691175352013,
    "num_eval_kl": 100
  }
}