{
  "checkpoint-391": {
    "kl_mean": 0.1151588186621666,
    "kl_stderr": 0.0017899416117379235,
    "tv_mean": 0.1109747588634491,
    "tv_stderr": 0.0007975279015794727,
    "num_eval_kl": 100
  },
  "checkpoint-782": {
    "kl_mean": 0.284929484128952,
    "kl_stderr": 0.0033682124106998155,
    "tv_mean": 0.18282102048397064,
    "tv_stderr": 0.0011808647784674314,
    "num_eval_kl": 100
  },
  "checkpoint-1173": {
    "kl_mean": 0.3267965018749237,
    "kl_stderr": 0.003900472557342876,
    "tv_mean": 0.1949150711297989,
    "tv_stderr": 0.001242861973902834,
    "num_eval_kl": 100
  },
  "checkpoint-1564": {
    "kl_mean": 0.8906556963920593,
    "kl_stderr": 0.007114972060976833,
    "tv_mean": 0.35855671763420105,
    "tv_stderr": 0.001731771054185637,
    "num_eval_kl": 100
  },
  "checkpoint-1955": {
    "kl_mean": 0.5861122012138367,
    "kl_stderr": 0.0059119362216710335,
    "tv_mean": 0.2633032500743866,
    "tv_stderr": 0.001533585097961804,
    "num_eval_kl": 100
  },
  "checkpoint-2346": {
    "kl_mean": 1.0535557270050049,
    "kl_stderr": 0.009203500281076438,
    "tv_mean": 0.37759730219841003,
    "tv_stderr": 0.0018073244675481472,
    "num_eval_kl": 100
  },
  "checkpoint-2737": {
    "kl_mean": 1.192599892616272,
    "kl_stderr": 0.010717437831660653,
    "tv_mean": 0.3958613872528076,
    "tv_stderr": 0.0018498711808431656,
    "num_eval_kl": 100
  },
  "checkpoint-3128": {
    "kl_mean": 1.4822700023651123,
    "kl_stderr": 0.012555973085383065,
    "tv_mean": 0.42156893014907837,
    "tv_stderr": 0.0019565993205588527,
    "num_eval_kl": 100
  },
  "checkpoint-3519": {
    "kl_mean": 1.534395456314087,
    "kl_stderr": 0.013666060186232202,
    "tv_mean": 0.42471516132354736,
    "tv_stderr": 0.001954906362509945,
    "num_eval_kl": 100
  },
  "checkpoint-3910": {
    "kl_mean": 1.9042655229568481,
    "kl_stderr": 0.015452891048637899,
    "tv_mean": 0.4644550085067749,
    "tv_stderr": 0.0020404955273880167,
    "num_eval_kl": 100
  },
  "checkpoint-4301": {
    "kl_mean": 2.1529383659362793,
    "kl_stderr": 0.01695995027260159,
    "tv_mean": 0.4766071140766144,
    "tv_stderr": 0.0020958385905578336,
    "num_eval_kl": 100
  },
  "checkpoint-4692": {
    "kl_mean": 3.123342275619507,
    "kl_stderr": 0.023711318014253746,
    "tv_mean": 0.5241261720657349,
    "tv_stderr": 0.0022026405349540638,
    "num_eval_kl": 100
  },
  "checkpoint-5083": {
    "kl_mean": 3.2393136024475098,
    "kl_stderr": 0.02494576903488792,
    "tv_mean": 0.5262935161590576,
    "tv_stderr": 0.0022100392014228047,
    "num_eval_kl": 100
  },
  "checkpoint-5474": {
    "kl_mean": 3.48236346244812,
    "kl_stderr": 0.026554136809662447,
    "tv_mean": 0.5264492034912109,
    "tv_stderr": 0.0022370350326219143,
    "num_eval_kl": 100
  },
  "checkpoint-5865": {
    "kl_mean": 3.486691951751709,
    "kl_stderr": 0.026297412452010466,
    "tv_mean": 0.5244597792625427,
    "tv_stderr": 0.002243212551784949,
    "num_eval_kl": 100
  },
  "checkpoint-6256": {
    "kl_mean": 3.483621835708618,
    "kl_stderr": 0.026315796894626972,
    "tv_mean": 0.524144172668457,
    "tv_stderr": 0.0022423577318205707,
    "num_eval_kl": 100
  },
  "checkpoint-6647": {
    "kl_mean": 3.480480432510376,
    "kl_stderr": 0.026294910507040806,
    "tv_mean": 0.5239148736000061,
    "tv_stderr": 0.0022426288544940744,
    "num_eval_kl": 100
  },
  "checkpoint-7038": {
    "kl_mean": 3.4807510375976562,
    "kl_stderr": 0.0262950965352767,
    "tv_mean": 0.5238038897514343,
    "tv_stderr": 0.002242544097064135,
    "num_eval_kl": 100
  }
}