{
  "checkpoint-79": {
    "kl_mean": 0.02289143018424511,
    "kl_stderr": 0.0007931901429327793,
    "tv_mean": 0.043685004115104675,
    "tv_stderr": 0.0005200013177182056,
    "num_eval_kl": 100
  },
  "checkpoint-158": {
    "kl_mean": 0.05017166957259178,
    "kl_stderr": 0.0009006337662760639,
    "tv_mean": 0.07199152559041977,
    "tv_stderr": 0.0007495233250887912,
    "num_eval_kl": 100
  },
  "checkpoint-237": {
    "kl_mean": 0.08385450392961502,
    "kl_stderr": 0.0016747823705085504,
    "tv_mean": 0.0913313552737236,
    "tv_stderr": 0.0009515036837620714,
    "num_eval_kl": 100
  },
  "checkpoint-316": {
    "kl_mean": 0.09933881461620331,
    "kl_stderr": 0.0019684227376508146,
    "tv_mean": 0.0973900780081749,
    "tv_stderr": 0.001028276685318009,
    "num_eval_kl": 100
  },
  "checkpoint-395": {
    "kl_mean": 0.10937650501728058,
    "kl_stderr": 0.002342019728122639,
    "tv_mean": 0.09682294726371765,
    "tv_stderr": 0.0010528148401259953,
    "num_eval_kl": 100
  },
  "checkpoint-474": {
    "kl_mean": 0.11936739087104797,
    "kl_stderr": 0.002496528802297624,
    "tv_mean": 0.10129620879888535,
    "tv_stderr": 0.0010967362558841672,
    "num_eval_kl": 100
  },
  "checkpoint-553": {
    "kl_mean": 0.12645496428012848,
    "kl_stderr": 0.002586597447819826,
    "tv_mean": 0.10215616971254349,
    "tv_stderr": 0.0011127636621194438,
    "num_eval_kl": 100
  },
  "checkpoint-632": {
    "kl_mean": 0.13956259191036224,
    "kl_stderr": 0.0028843449770912326,
    "tv_mean": 0.10572421550750732,
    "tv_stderr": 0.0011549385597031663,
    "num_eval_kl": 100
  },
  "checkpoint-711": {
    "kl_mean": 0.15877726674079895,
    "kl_stderr": 0.002998334740030986,
    "tv_mean": 0.1150117963552475,
    "tv_stderr": 0.0012260803951650934,
    "num_eval_kl": 100
  },
  "checkpoint-790": {
    "kl_mean": 0.1669778674840927,
    "kl_stderr": 0.003126028332288752,
    "tv_mean": 0.11816389858722687,
    "tv_stderr": 0.0012585502240728425,
    "num_eval_kl": 100
  },
  "checkpoint-869": {
    "kl_mean": 0.1655835509300232,
    "kl_stderr": 0.0032089946646755387,
    "tv_mean": 0.11656094342470169,
    "tv_stderr": 0.0012463360193224454,
    "num_eval_kl": 100
  },
  "checkpoint-948": {
    "kl_mean": 0.1785333901643753,
    "kl_stderr": 0.0034441788579871674,
    "tv_mean": 0.11826227605342865,
    "tv_stderr": 0.0012693505061205854,
    "num_eval_kl": 100
  },
  "checkpoint-1027": {
    "kl_mean": 0.18075644969940186,
    "kl_stderr": 0.0034994799662210513,
    "tv_mean": 0.11834432184696198,
    "tv_stderr": 0.001272203436167538,
    "num_eval_kl": 100
  },
  "checkpoint-1106": {
    "kl_mean": 0.18204613029956818,
    "kl_stderr": 0.0035225582844733744,
    "tv_mean": 0.11856488138437271,
    "tv_stderr": 0.001274664978613843,
    "num_eval_kl": 100
  },
  "checkpoint-1185": {
    "kl_mean": 0.18302153050899506,
    "kl_stderr": 0.00354157087504927,
    "tv_mean": 0.11861579120159149,
    "tv_stderr": 0.0012762673720838479,
    "num_eval_kl": 100
  },
  "checkpoint-1264": {
    "kl_mean": 0.18415983021259308,
    "kl_stderr": 0.0035673247390969214,
    "tv_mean": 0.11883458495140076,
    "tv_stderr": 0.0012784197239248916,
    "num_eval_kl": 100
  },
  "checkpoint-1343": {
    "kl_mean": 0.1850903034210205,
    "kl_stderr": 0.003586836334865517,
    "tv_mean": 0.11902855336666107,
    "tv_stderr": 0.0012798656743396447,
    "num_eval_kl": 100
  },
  "checkpoint-1422": {
    "kl_mean": 0.18580684065818787,
    "kl_stderr": 0.00359766438919508,
    "tv_mean": 0.11916051059961319,
    "tv_stderr": 0.001281283516517556,
    "num_eval_kl": 100
  },
  "checkpoint-1501": {
    "kl_mean": 0.18640191853046417,
    "kl_stderr": 0.0036108665256802163,
    "tv_mean": 0.11925201117992401,
    "tv_stderr": 0.0012822378527500937,
    "num_eval_kl": 100
  },
  "checkpoint-1580": {
    "kl_mean": 0.18686631321907043,
    "kl_stderr": 0.003618304345897617,
    "tv_mean": 0.11931490898132324,
    "tv_stderr": 0.0012831189507878321,
    "num_eval_kl": 100
  },
  "checkpoint-1659": {
    "kl_mean": 0.1873946189880371,
    "kl_stderr": 0.0036305281813586456,
    "tv_mean": 0.11934064328670502,
    "tv_stderr": 0.0012838882877882467,
    "num_eval_kl": 100
  },
  "checkpoint-1738": {
    "kl_mean": 0.1880287528038025,
    "kl_stderr": 0.0036430066707263615,
    "tv_mean": 0.11943378299474716,
    "tv_stderr": 0.0012851795869078656,
    "num_eval_kl": 100
  },
  "checkpoint-1817": {
    "kl_mean": 0.18884924054145813,
    "kl_stderr": 0.003655183248514293,
    "tv_mean": 0.11955904960632324,
    "tv_stderr": 0.0012865881343301678,
    "num_eval_kl": 100
  },
  "checkpoint-1896": {
    "kl_mean": 0.18995405733585358,
    "kl_stderr": 0.0036712174858350172,
    "tv_mean": 0.11971327662467957,
    "tv_stderr": 0.0012885094611010724,
    "num_eval_kl": 100
  },
  "checkpoint-1975": {
    "kl_mean": 0.19029459357261658,
    "kl_stderr": 0.0036809565979532216,
    "tv_mean": 0.11975624412298203,
    "tv_stderr": 0.0012886990517184964,
    "num_eval_kl": 100
  },
  "checkpoint-2054": {
    "kl_mean": 0.1905209720134735,
    "kl_stderr": 0.0036806365448022486,
    "tv_mean": 0.11983931809663773,
    "tv_stderr": 0.0012899696336117576,
    "num_eval_kl": 100
  },
  "checkpoint-2133": {
    "kl_mean": 0.19065438210964203,
    "kl_stderr": 0.0036850590567120557,
    "tv_mean": 0.11982052773237228,
    "tv_stderr": 0.0012890559479368838,
    "num_eval_kl": 100
  },
  "checkpoint-2212": {
    "kl_mean": 0.19086600840091705,
    "kl_stderr": 0.0036953744436780235,
    "tv_mean": 0.11977759003639221,
    "tv_stderr": 0.0012898269647124085,
    "num_eval_kl": 100
  },
  "checkpoint-2291": {
    "kl_mean": 0.19079840183258057,
    "kl_stderr": 0.0036882002361678973,
    "tv_mean": 0.1198827400803566,
    "tv_stderr": 0.0012896271834593168,
    "num_eval_kl": 100
  },
  "checkpoint-2370": {
    "kl_mean": 0.19072945415973663,
    "kl_stderr": 0.003689425576118194,
    "tv_mean": 0.11975912749767303,
    "tv_stderr": 0.0012891065651602007,
    "num_eval_kl": 100
  }
}