{
  "checkpoint-8": {
    "kl_mean": 0.1945437639951706,
    "kl_stderr": 0.004768360668284829,
    "tv_mean": 0.11152111738920212,
    "tv_stderr": 0.0009631825070595889,
    "num_eval_kl": 100
  },
  "checkpoint-16": {
    "kl_mean": 0.5801066756248474,
    "kl_stderr": 0.009375687611807685,
    "tv_mean": 0.21632009744644165,
    "tv_stderr": 0.001469407884137057,
    "num_eval_kl": 100
  },
  "checkpoint-24": {
    "kl_mean": 0.7339568138122559,
    "kl_stderr": 0.010913494741905791,
    "tv_mean": 0.2501133680343628,
    "tv_stderr": 0.0015849939335486711,
    "num_eval_kl": 100
  },
  "checkpoint-32": {
    "kl_mean": 0.7967782616615295,
    "kl_stderr": 0.011606728962952577,
    "tv_mean": 0.26129916310310364,
    "tv_stderr": 0.0016203940621148875,
    "num_eval_kl": 100
  },
  "checkpoint-40": {
    "kl_mean": 0.8329441547393799,
    "kl_stderr": 0.012158550720016429,
    "tv_mean": 0.26450207829475403,
    "tv_stderr": 0.001636068289019376,
    "num_eval_kl": 100
  },
  "checkpoint-48": {
    "kl_mean": 0.8439687490463257,
    "kl_stderr": 0.012442223559289362,
    "tv_mean": 0.26326754689216614,
    "tv_stderr": 0.0016366061532666252,
    "num_eval_kl": 100
  },
  "checkpoint-56": {
    "kl_mean": 0.8371657133102417,
    "kl_stderr": 0.012414084766564847,
    "tv_mean": 0.2600218951702118,
    "tv_stderr": 0.0016286994477297588,
    "num_eval_kl": 100
  },
  "checkpoint-64": {
    "kl_mean": 0.8576163649559021,
    "kl_stderr": 0.012889889724714831,
    "tv_mean": 0.25622794032096863,
    "tv_stderr": 0.0016284736525883697,
    "num_eval_kl": 100
  },
  "checkpoint-72": {
    "kl_mean": 0.9044904708862305,
    "kl_stderr": 0.013297558471393101,
    "tv_mean": 0.26346275210380554,
    "tv_stderr": 0.0016713263688511214,
    "num_eval_kl": 100
  },
  "checkpoint-80": {
    "kl_mean": 0.7676393389701843,
    "kl_stderr": 0.011488730444108673,
    "tv_mean": 0.24968215823173523,
    "tv_stderr": 0.0015917499263836373,
    "num_eval_kl": 100
  },
  "checkpoint-88": {
    "kl_mean": 0.8392950296401978,
    "kl_stderr": 0.012521239726499295,
    "tv_mean": 0.25502246618270874,
    "tv_stderr": 0.0016334519299444888,
    "num_eval_kl": 100
  },
  "checkpoint-96": {
    "kl_mean": 0.902471125125885,
    "kl_stderr": 0.013359249748112688,
    "tv_mean": 0.25778067111968994,
    "tv_stderr": 0.0016629823958576096,
    "num_eval_kl": 100
  },
  "checkpoint-104": {
    "kl_mean": 0.9357033371925354,
    "kl_stderr": 0.013737426279248803,
    "tv_mean": 0.26232102513313293,
    "tv_stderr": 0.0016775999352011644,
    "num_eval_kl": 100
  },
  "checkpoint-112": {
    "kl_mean": 0.9557364583015442,
    "kl_stderr": 0.014018913960765366,
    "tv_mean": 0.26330292224884033,
    "tv_stderr": 0.0016825204157412414,
    "num_eval_kl": 100
  },
  "checkpoint-120": {
    "kl_mean": 0.9673537611961365,
    "kl_stderr": 0.01422716043856878,
    "tv_mean": 0.262122243642807,
    "tv_stderr": 0.0016851462110309926,
    "num_eval_kl": 100
  },
  "checkpoint-128": {
    "kl_mean": 0.9698246717453003,
    "kl_stderr": 0.014234168850151357,
    "tv_mean": 0.2631848454475403,
    "tv_stderr": 0.00168832503591331,
    "num_eval_kl": 100
  },
  "checkpoint-136": {
    "kl_mean": 0.9687952399253845,
    "kl_stderr": 0.014128042437637088,
    "tv_mean": 0.2647972106933594,
    "tv_stderr": 0.0016900739372360544,
    "num_eval_kl": 100
  },
  "checkpoint-144": {
    "kl_mean": 0.977767288684845,
    "kl_stderr": 0.014185866214293123,
    "tv_mean": 0.26549670100212097,
    "tv_stderr": 0.0016946169691815706,
    "num_eval_kl": 100
  },
  "checkpoint-152": {
    "kl_mean": 0.9877992272377014,
    "kl_stderr": 0.014257763431403498,
    "tv_mean": 0.26644542813301086,
    "tv_stderr": 0.001699877658968263,
    "num_eval_kl": 100
  },
  "checkpoint-160": {
    "kl_mean": 0.9947261214256287,
    "kl_stderr": 0.014355321760821235,
    "tv_mean": 0.26655420660972595,
    "tv_stderr": 0.001701913185317502,
    "num_eval_kl": 100
  }
}