{
  "checkpoint-390": {
    "kl_mean": 0.02143203467130661,
    "kl_stderr": 0.0006689067180292885,
    "tv_mean": 0.04383491352200508,
    "tv_stderr": 0.0004921676474260567,
    "num_eval_kl": 100
  },
  "checkpoint-781": {
    "kl_mean": 0.0949949249625206,
    "kl_stderr": 0.001879772778746147,
    "tv_mean": 0.09736403822898865,
    "tv_stderr": 0.0010038812442342705,
    "num_eval_kl": 100
  },
  "checkpoint-1171": {
    "kl_mean": 0.08558062463998795,
    "kl_stderr": 0.0017876542772838912,
    "tv_mean": 0.09044153988361359,
    "tv_stderr": 0.0009512981431807456,
    "num_eval_kl": 100
  },
  "checkpoint-1562": {
    "kl_mean": 0.14299166202545166,
    "kl_stderr": 0.002734366126975709,
    "tv_mean": 0.11731424182653427,
    "tv_stderr": 0.001204974530670362,
    "num_eval_kl": 100
  },
  "checkpoint-1953": {
    "kl_mean": 0.1788838505744934,
    "kl_stderr": 0.0033088461468426507,
    "tv_mean": 0.12832267582416534,
    "tv_stderr": 0.0013063485882385427,
    "num_eval_kl": 100
  },
  "checkpoint-2343": {
    "kl_mean": 0.20593024790287018,
    "kl_stderr": 0.003776343307228114,
    "tv_mean": 0.13618884980678558,
    "tv_stderr": 0.0013766708665105027,
    "num_eval_kl": 100
  },
  "checkpoint-2734": {
    "kl_mean": 0.22312957048416138,
    "kl_stderr": 0.004171022673452118,
    "tv_mean": 0.13679274916648865,
    "tv_stderr": 0.0014031586773442237,
    "num_eval_kl": 100
  },
  "checkpoint-3125": {
    "kl_mean": 0.24494823813438416,
    "kl_stderr": 0.004565374161676041,
    "tv_mean": 0.1411522924900055,
    "tv_stderr": 0.0014532417086471363,
    "num_eval_kl": 100
  },
  "checkpoint-3515": {
    "kl_mean": 0.2855389714241028,
    "kl_stderr": 0.005320511405354152,
    "tv_mean": 0.14830940961837769,
    "tv_stderr": 0.0015226290014839082,
    "num_eval_kl": 100
  },
  "checkpoint-3906": {
    "kl_mean": 0.2943176329135895,
    "kl_stderr": 0.005359101935116988,
    "tv_mean": 0.15111491084098816,
    "tv_stderr": 0.0015434639157003915,
    "num_eval_kl": 100
  },
  "checkpoint-4296": {
    "kl_mean": 0.31634145975112915,
    "kl_stderr": 0.00591226810786218,
    "tv_mean": 0.15453900396823883,
    "tv_stderr": 0.0015754937755076916,
    "num_eval_kl": 100
  },
  "checkpoint-4687": {
    "kl_mean": 0.33070918917655945,
    "kl_stderr": 0.005852144257085942,
    "tv_mean": 0.15920200943946838,
    "tv_stderr": 0.0016091933473662133,
    "num_eval_kl": 100
  },
  "checkpoint-5078": {
    "kl_mean": 0.3574753999710083,
    "kl_stderr": 0.006328461246817739,
    "tv_mean": 0.1625731736421585,
    "tv_stderr": 0.0016438613366646744,
    "num_eval_kl": 100
  },
  "checkpoint-5468": {
    "kl_mean": 0.3601910471916199,
    "kl_stderr": 0.006432345259347238,
    "tv_mean": 0.16143810749053955,
    "tv_stderr": 0.001641205658147764,
    "num_eval_kl": 100
  },
  "checkpoint-5859": {
    "kl_mean": 0.36239638924598694,
    "kl_stderr": 0.006484559608720456,
    "tv_mean": 0.1613076776266098,
    "tv_stderr": 0.0016416318329059985,
    "num_eval_kl": 100
  },
  "checkpoint-6250": {
    "kl_mean": 0.3633342385292053,
    "kl_stderr": 0.006492020388199247,
    "tv_mean": 0.16131547093391418,
    "tv_stderr": 0.00164237200194141,
    "num_eval_kl": 100
  },
  "checkpoint-6640": {
    "kl_mean": 0.36423465609550476,
    "kl_stderr": 0.006513845156323832,
    "tv_mean": 0.1613772213459015,
    "tv_stderr": 0.0016430004347748972,
    "num_eval_kl": 100
  },
  "checkpoint-7031": {
    "kl_mean": 0.3645256459712982,
    "kl_stderr": 0.006520542219973169,
    "tv_mean": 0.16139252483844757,
    "tv_stderr": 0.0016435475645270637,
    "num_eval_kl": 100
  },
  "checkpoint-7421": {
    "kl_mean": 0.364854097366333,
    "kl_stderr": 0.006528946204051107,
    "tv_mean": 0.1613360047340393,
    "tv_stderr": 0.0016432475650425729,
    "num_eval_kl": 100
  },
  "checkpoint-7812": {
    "kl_mean": 0.3652827739715576,
    "kl_stderr": 0.006529766787609573,
    "tv_mean": 0.16147415339946747,
    "tv_stderr": 0.0016444913244751268,
    "num_eval_kl": 100
  },
  "checkpoint-8203": {
    "kl_mean": 0.3649686872959137,
    "kl_stderr": 0.006524103561502495,
    "tv_mean": 0.16137772798538208,
    "tv_stderr": 0.0016435094675914174,
    "num_eval_kl": 100
  },
  "checkpoint-8593": {
    "kl_mean": 0.3653467893600464,
    "kl_stderr": 0.006532464894783676,
    "tv_mean": 0.16142739355564117,
    "tv_stderr": 0.001643703728642278,
    "num_eval_kl": 100
  },
  "checkpoint-8984": {
    "kl_mean": 0.3654068112373352,
    "kl_stderr": 0.006532281851780921,
    "tv_mean": 0.16138172149658203,
    "tv_stderr": 0.001644239196067206,
    "num_eval_kl": 100
  },
  "checkpoint-9375": {
    "kl_mean": 0.36514678597450256,
    "kl_stderr": 0.00652816071854414,
    "tv_mean": 0.16140848398208618,
    "tv_stderr": 0.001643711614596887,
    "num_eval_kl": 100
  },
  "checkpoint-9765": {
    "kl_mean": 0.3656156063079834,
    "kl_stderr": 0.006537965959007245,
    "tv_mean": 0.16141121089458466,
    "tv_stderr": 0.0016441924356884682,
    "num_eval_kl": 100
  },
  "checkpoint-10156": {
    "kl_mean": 0.3657326400279999,
    "kl_stderr": 0.0065347071715674224,
    "tv_mean": 0.16150248050689697,
    "tv_stderr": 0.001644932715793663,
    "num_eval_kl": 100
  },
  "checkpoint-10546": {
    "kl_mean": 0.36582112312316895,
    "kl_stderr": 0.006539896796118829,
    "tv_mean": 0.16145527362823486,
    "tv_stderr": 0.0016448429714088172,
    "num_eval_kl": 100
  },
  "checkpoint-10937": {
    "kl_mean": 0.36581557989120483,
    "kl_stderr": 0.006536643340028601,
    "tv_mean": 0.16146108508110046,
    "tv_stderr": 0.001644876958762484,
    "num_eval_kl": 100
  },
  "checkpoint-11328": {
    "kl_mean": 0.36598289012908936,
    "kl_stderr": 0.006540142038200189,
    "tv_mean": 0.16149263083934784,
    "tv_stderr": 0.0016449851407313453,
    "num_eval_kl": 100
  },
  "checkpoint-11700": {
    "kl_mean": 0.36567628383636475,
    "kl_stderr": 0.006539362772601083,
    "tv_mean": 0.16142913699150085,
    "tv_stderr": 0.0016441681114059419,
    "num_eval_kl": 100
  }
}