{
  "checkpoint-391": {
    "kl_mean": 0.01159797701984644,
    "kl_stderr": 0.0004685317640398444,
    "tv_mean": 0.029459819197654724,
    "tv_stderr": 0.00029919689830488843,
    "num_eval_kl": 100
  },
  "checkpoint-782": {
    "kl_mean": 0.033935271203517914,
    "kl_stderr": 0.0007392888673046281,
    "tv_mean": 0.05520215630531311,
    "tv_stderr": 0.00048469804940456615,
    "num_eval_kl": 100
  },
  "checkpoint-1173": {
    "kl_mean": 0.039953216910362244,
    "kl_stderr": 0.000817353749297398,
    "tv_mean": 0.05996371805667877,
    "tv_stderr": 0.0005193803574056791,
    "num_eval_kl": 100
  },
  "checkpoint-1564": {
    "kl_mean": 0.03853576257824898,
    "kl_stderr": 0.0007687505159631843,
    "tv_mean": 0.05867140740156174,
    "tv_stderr": 0.0005092810155578687,
    "num_eval_kl": 100
  },
  "checkpoint-1955": {
    "kl_mean": 0.16437837481498718,
    "kl_stderr": 0.007385986360908469,
    "tv_mean": 0.09476981312036514,
    "tv_stderr": 0.0008139194268530943,
    "num_eval_kl": 100
  },
  "checkpoint-2346": {
    "kl_mean": 0.3206813335418701,
    "kl_stderr": 0.01212335760163388,
    "tv_mean": 0.10634978115558624,
    "tv_stderr": 0.0009680557214501545,
    "num_eval_kl": 100
  },
  "checkpoint-2737": {
    "kl_mean": 1.403281331062317,
    "kl_stderr": 0.025562302244414144,
    "tv_mean": 0.2239084392786026,
    "tv_stderr": 0.0017247861526958396,
    "num_eval_kl": 100
  },
  "checkpoint-3128": {
    "kl_mean": 1.3009257316589355,
    "kl_stderr": 0.022688171263836928,
    "tv_mean": 0.23029552400112152,
    "tv_stderr": 0.001739363896251388,
    "num_eval_kl": 100
  },
  "checkpoint-3519": {
    "kl_mean": 1.2618083953857422,
    "kl_stderr": 0.022655843690589785,
    "tv_mean": 0.22688938677310944,
    "tv_stderr": 0.0017249927152977332,
    "num_eval_kl": 100
  },
  "checkpoint-3910": {
    "kl_mean": 1.419857144355774,
    "kl_stderr": 0.02643148961714201,
    "tv_mean": 0.2256370335817337,
    "tv_stderr": 0.0017208893439506062,
    "num_eval_kl": 100
  },
  "checkpoint-4301": {
    "kl_mean": 1.5005998611450195,
    "kl_stderr": 0.028053249428163604,
    "tv_mean": 0.22696924209594727,
    "tv_stderr": 0.0017305851610211604,
    "num_eval_kl": 100
  },
  "checkpoint-4692": {
    "kl_mean": 1.6514655351638794,
    "kl_stderr": 0.030805681719676715,
    "tv_mean": 0.23094768822193146,
    "tv_stderr": 0.0017519375617279524,
    "num_eval_kl": 100
  },
  "checkpoint-5083": {
    "kl_mean": 1.6480212211608887,
    "kl_stderr": 0.030950507003340618,
    "tv_mean": 0.22932246327400208,
    "tv_stderr": 0.0017455651580646073,
    "num_eval_kl": 100
  },
  "checkpoint-5474": {
    "kl_mean": 1.6559464931488037,
    "kl_stderr": 0.031152457192093266,
    "tv_mean": 0.22919966280460358,
    "tv_stderr": 0.0017448378052015723,
    "num_eval_kl": 100
  },
  "checkpoint-5865": {
    "kl_mean": 1.6608411073684692,
    "kl_stderr": 0.031247311861124512,
    "tv_mean": 0.22925013303756714,
    "tv_stderr": 0.001745189557815663,
    "num_eval_kl": 100
  },
  "checkpoint-6256": {
    "kl_mean": 1.6621358394622803,
    "kl_stderr": 0.031280375905448014,
    "tv_mean": 0.22927483916282654,
    "tv_stderr": 0.0017453000284771173,
    "num_eval_kl": 100
  },
  "checkpoint-6647": {
    "kl_mean": 1.6649839878082275,
    "kl_stderr": 0.031326345728633465,
    "tv_mean": 0.22929096221923828,
    "tv_stderr": 0.0017458234489921027,
    "num_eval_kl": 100
  },
  "checkpoint-7038": {
    "kl_mean": 1.6623116731643677,
    "kl_stderr": 0.031298971449425624,
    "tv_mean": 0.22923824191093445,
    "tv_stderr": 0.0017453985753211447,
    "num_eval_kl": 100
  },
  "checkpoint-7429": {
    "kl_mean": 1.6616898775100708,
    "kl_stderr": 0.03128894422037071,
    "tv_mean": 0.2291625440120697,
    "tv_stderr": 0.0017449914120260706,
    "num_eval_kl": 100
  },
  "checkpoint-7820": {
    "kl_mean": 1.6645702123641968,
    "kl_stderr": 0.031357757272141816,
    "tv_mean": 0.22908012568950653,
    "tv_stderr": 0.0017449305654871426,
    "num_eval_kl": 100
  },
  "checkpoint-8211": {
    "kl_mean": 1.6637318134307861,
    "kl_stderr": 0.03133262747621431,
    "tv_mean": 0.22917193174362183,
    "tv_stderr": 0.001745226381369481,
    "num_eval_kl": 100
  },
  "checkpoint-8602": {
    "kl_mean": 1.6644489765167236,
    "kl_stderr": 0.031345867121964216,
    "tv_mean": 0.22916574776172638,
    "tv_stderr": 0.0017456426628778816,
    "num_eval_kl": 100
  },
  "checkpoint-8993": {
    "kl_mean": 1.6632293462753296,
    "kl_stderr": 0.03133343829579934,
    "tv_mean": 0.2291603982448578,
    "tv_stderr": 0.0017448590225825817,
    "num_eval_kl": 100
  },
  "checkpoint-9384": {
    "kl_mean": 1.6668375730514526,
    "kl_stderr": 0.03138839727452255,
    "tv_mean": 0.22924497723579407,
    "tv_stderr": 0.0017453401836858046,
    "num_eval_kl": 100
  },
  "checkpoint-9775": {
    "kl_mean": 1.6658170223236084,
    "kl_stderr": 0.03138630429386363,
    "tv_mean": 0.22916817665100098,
    "tv_stderr": 0.001745329662670428,
    "num_eval_kl": 100
  },
  "checkpoint-10166": {
    "kl_mean": 1.6638038158416748,
    "kl_stderr": 0.031345025440734094,
    "tv_mean": 0.22919635474681854,
    "tv_stderr": 0.0017450299890824513,
    "num_eval_kl": 100
  },
  "checkpoint-10557": {
    "kl_mean": 1.6670560836791992,
    "kl_stderr": 0.03140161728104375,
    "tv_mean": 0.2292867749929428,
    "tv_stderr": 0.001745810297722882,
    "num_eval_kl": 100
  },
  "checkpoint-10948": {
    "kl_mean": 1.664833426475525,
    "kl_stderr": 0.03136021498133379,
    "tv_mean": 0.22914175689220428,
    "tv_stderr": 0.0017450524339152548,
    "num_eval_kl": 100
  },
  "checkpoint-11339": {
    "kl_mean": 1.6663624048233032,
    "kl_stderr": 0.03139705256317236,
    "tv_mean": 0.22921662032604218,
    "tv_stderr": 0.001745410148438059,
    "num_eval_kl": 100
  },
  "checkpoint-11730": {
    "kl_mean": 1.6658785343170166,
    "kl_stderr": 0.03137842054634144,
    "tv_mean": 0.2293110191822052,
    "tv_stderr": 0.0017458765801197545,
    "num_eval_kl": 100
  }
}