{
  "checkpoint-39": {
    "kl_mean": 0.17531274259090424,
    "kl_stderr": 0.0029904656348809277,
    "tv_mean": 0.14872366189956665,
    "tv_stderr": 0.001191989480135966,
    "num_eval_kl": 100
  },
  "checkpoint-78": {
    "kl_mean": 0.20999112725257874,
    "kl_stderr": 0.0033269846018327267,
    "tv_mean": 0.16577620804309845,
    "tv_stderr": 0.0012861633898681158,
    "num_eval_kl": 100
  },
  "checkpoint-117": {
    "kl_mean": 0.26446792483329773,
    "kl_stderr": 0.0037937486712711077,
    "tv_mean": 0.19110798835754395,
    "tv_stderr": 0.001420450943481487,
    "num_eval_kl": 100
  },
  "checkpoint-156": {
    "kl_mean": 0.28724953532218933,
    "kl_stderr": 0.0042501618181789245,
    "tv_mean": 0.19469556212425232,
    "tv_stderr": 0.001459749708865968,
    "num_eval_kl": 100
  },
  "checkpoint-195": {
    "kl_mean": 0.3187999427318573,
    "kl_stderr": 0.004704157250071242,
    "tv_mean": 0.1987936645746231,
    "tv_stderr": 0.0015131489275042815,
    "num_eval_kl": 100
  },
  "checkpoint-234": {
    "kl_mean": 0.30536991357803345,
    "kl_stderr": 0.004649427070343405,
    "tv_mean": 0.1876862347126007,
    "tv_stderr": 0.0014823399397670132,
    "num_eval_kl": 100
  },
  "checkpoint-273": {
    "kl_mean": 0.32850754261016846,
    "kl_stderr": 0.005047931712269711,
    "tv_mean": 0.19465191662311554,
    "tv_stderr": 0.0015216831453002415,
    "num_eval_kl": 100
  },
  "checkpoint-312": {
    "kl_mean": 0.3482758700847626,
    "kl_stderr": 0.005319921233040346,
    "tv_mean": 0.19942350685596466,
    "tv_stderr": 0.0015512906466121246,
    "num_eval_kl": 100
  },
  "checkpoint-351": {
    "kl_mean": 0.37678736448287964,
    "kl_stderr": 0.005881873323586016,
    "tv_mean": 0.20266170799732208,
    "tv_stderr": 0.001589694626693945,
    "num_eval_kl": 100
  },
  "checkpoint-390": {
    "kl_mean": 0.4144774377346039,
    "kl_stderr": 0.006271683934104521,
    "tv_mean": 0.2143254280090332,
    "tv_stderr": 0.0016535530907253945,
    "num_eval_kl": 100
  },
  "checkpoint-429": {
    "kl_mean": 0.4064016342163086,
    "kl_stderr": 0.005895909146335059,
    "tv_mean": 0.21658048033714294,
    "tv_stderr": 0.0016513836423101085,
    "num_eval_kl": 100
  },
  "checkpoint-468": {
    "kl_mean": 0.4431277811527252,
    "kl_stderr": 0.006453115541765471,
    "tv_mean": 0.22482575476169586,
    "tv_stderr": 0.0017035933391784687,
    "num_eval_kl": 100
  },
  "checkpoint-507": {
    "kl_mean": 0.44820690155029297,
    "kl_stderr": 0.006628978884250215,
    "tv_mean": 0.2238413244485855,
    "tv_stderr": 0.0017066319343490613,
    "num_eval_kl": 100
  },
  "checkpoint-546": {
    "kl_mean": 0.510307788848877,
    "kl_stderr": 0.007735224088542243,
    "tv_mean": 0.22841408848762512,
    "tv_stderr": 0.00176737061447663,
    "num_eval_kl": 100
  },
  "checkpoint-585": {
    "kl_mean": 0.5090214610099792,
    "kl_stderr": 0.007727255628024564,
    "tv_mean": 0.22654864192008972,
    "tv_stderr": 0.0017625561225926385,
    "num_eval_kl": 100
  },
  "checkpoint-625": {
    "kl_mean": 0.5103182196617126,
    "kl_stderr": 0.00774064322283467,
    "tv_mean": 0.22643235325813293,
    "tv_stderr": 0.0017644323301225608,
    "num_eval_kl": 100
  },
  "checkpoint-664": {
    "kl_mean": 0.507329523563385,
    "kl_stderr": 0.00769122235895476,
    "tv_mean": 0.22638653218746185,
    "tv_stderr": 0.0017607138861379602,
    "num_eval_kl": 100
  },
  "checkpoint-703": {
    "kl_mean": 0.5117815136909485,
    "kl_stderr": 0.007768381567217153,
    "tv_mean": 0.22667138278484344,
    "tv_stderr": 0.0017641615229661324,
    "num_eval_kl": 100
  },
  "checkpoint-742": {
    "kl_mean": 0.5110852122306824,
    "kl_stderr": 0.007777808006461039,
    "tv_mean": 0.2261906862258911,
    "tv_stderr": 0.0017623662905149368,
    "num_eval_kl": 100
  },
  "checkpoint-780": {
    "kl_mean": 0.5115535259246826,
    "kl_stderr": 0.007786660996862435,
    "tv_mean": 0.22604899108409882,
    "tv_stderr": 0.0017625316591453712,
    "num_eval_kl": 100
  }
}