{
  "checkpoint-2": {
    "kl_mean": 0.0007028328836895525,
    "kl_stderr": 8.021255453441581e-06,
    "tv_mean": 0.009230686351656914,
    "tv_stderr": 6.193974698461662e-05,
    "num_eval_kl": 100
  },
  "checkpoint-4": {
    "kl_mean": 0.0007162873516790569,
    "kl_stderr": 8.31588194798537e-06,
    "tv_mean": 0.009325000457465649,
    "tv_stderr": 6.244474308994494e-05,
    "num_eval_kl": 100
  },
  "checkpoint-6": {
    "kl_mean": 0.0007145656272768974,
    "kl_stderr": 8.037806852157684e-06,
    "tv_mean": 0.009300448931753635,
    "tv_stderr": 6.213906917790292e-05,
    "num_eval_kl": 100
  },
  "checkpoint-8": {
    "kl_mean": 0.0007224175496958196,
    "kl_stderr": 8.028867889286955e-06,
    "tv_mean": 0.00930018536746502,
    "tv_stderr": 6.22294571392521e-05,
    "num_eval_kl": 100
  },
  "checkpoint-10": {
    "kl_mean": 0.0007306769257411361,
    "kl_stderr": 8.288550350148833e-06,
    "tv_mean": 0.009412099607288837,
    "tv_stderr": 6.304353703050826e-05,
    "num_eval_kl": 100
  },
  "checkpoint-12": {
    "kl_mean": 0.0007340247975662351,
    "kl_stderr": 8.35039018256792e-06,
    "tv_mean": 0.009450610727071762,
    "tv_stderr": 6.356677333078822e-05,
    "num_eval_kl": 100
  },
  "checkpoint-14": {
    "kl_mean": 0.0007449775002896786,
    "kl_stderr": 8.227857703561948e-06,
    "tv_mean": 0.009469835087656975,
    "tv_stderr": 6.312986948967627e-05,
    "num_eval_kl": 100
  },
  "checkpoint-16": {
    "kl_mean": 0.0007762018358334899,
    "kl_stderr": 8.39849367519943e-06,
    "tv_mean": 0.009628773666918278,
    "tv_stderr": 6.398697213756193e-05,
    "num_eval_kl": 100
  },
  "checkpoint-18": {
    "kl_mean": 0.0008073024800978601,
    "kl_stderr": 8.509849013244121e-06,
    "tv_mean": 0.009783745743334293,
    "tv_stderr": 6.516688893312323e-05,
    "num_eval_kl": 100
  },
  "checkpoint-20": {
    "kl_mean": 0.0008616155828349292,
    "kl_stderr": 8.98571771758847e-06,
    "tv_mean": 0.010152214206755161,
    "tv_stderr": 6.710599764997218e-05,
    "num_eval_kl": 100
  },
  "checkpoint-22": {
    "kl_mean": 0.0009745206334628165,
    "kl_stderr": 1.00414018796327e-05,
    "tv_mean": 0.010700724087655544,
    "tv_stderr": 7.064027693465694e-05,
    "num_eval_kl": 100
  },
  "checkpoint-24": {
    "kl_mean": 0.0011517390375956893,
    "kl_stderr": 1.1742579831133357e-05,
    "tv_mean": 0.011602087877690792,
    "tv_stderr": 7.651403578064936e-05,
    "num_eval_kl": 100
  },
  "checkpoint-26": {
    "kl_mean": 0.0013388828374445438,
    "kl_stderr": 1.5413324612120153e-05,
    "tv_mean": 0.012438233941793442,
    "tv_stderr": 8.262927873883044e-05,
    "num_eval_kl": 100
  },
  "checkpoint-28": {
    "kl_mean": 0.0015973681584000587,
    "kl_stderr": 1.910287032818917e-05,
    "tv_mean": 0.013540791347622871,
    "tv_stderr": 8.996043107443068e-05,
    "num_eval_kl": 100
  },
  "checkpoint-30": {
    "kl_mean": 0.001871600397862494,
    "kl_stderr": 2.1526947521523075e-05,
    "tv_mean": 0.014546092599630356,
    "tv_stderr": 9.749956180490676e-05,
    "num_eval_kl": 100
  },
  "checkpoint-32": {
    "kl_mean": 0.0022725791204720736,
    "kl_stderr": 2.6808084155212545e-05,
    "tv_mean": 0.01599947363138199,
    "tv_stderr": 0.00010762087094656078,
    "num_eval_kl": 100
  },
  "checkpoint-34": {
    "kl_mean": 0.0027474381495267153,
    "kl_stderr": 3.505995265551781e-05,
    "tv_mean": 0.017482392489910126,
    "tv_stderr": 0.00011867799678138329,
    "num_eval_kl": 100
  },
  "checkpoint-36": {
    "kl_mean": 0.0033274858724325895,
    "kl_stderr": 4.238114557685829e-05,
    "tv_mean": 0.019138867035508156,
    "tv_stderr": 0.0001311722051178851,
    "num_eval_kl": 100
  },
  "checkpoint-38": {
    "kl_mean": 0.00415249727666378,
    "kl_stderr": 5.8914385399350466e-05,
    "tv_mean": 0.021177882328629494,
    "tv_stderr": 0.0001470642451768889,
    "num_eval_kl": 100
  },
  "checkpoint-40": {
    "kl_mean": 0.005104071460664272,
    "kl_stderr": 7.188413006118528e-05,
    "tv_mean": 0.02338971570134163,
    "tv_stderr": 0.0001641768670491975,
    "num_eval_kl": 100
  },
  "checkpoint-42": {
    "kl_mean": 0.0062631648033857346,
    "kl_stderr": 9.390124097575497e-05,
    "tv_mean": 0.02577195130288601,
    "tv_stderr": 0.0001824343935337321,
    "num_eval_kl": 100
  },
  "checkpoint-44": {
    "kl_mean": 0.007535250391811132,
    "kl_stderr": 0.0001154456658943548,
    "tv_mean": 0.028139503672719002,
    "tv_stderr": 0.0002003628313200466,
    "num_eval_kl": 100
  },
  "checkpoint-46": {
    "kl_mean": 0.008894057944417,
    "kl_stderr": 0.0001356054907180397,
    "tv_mean": 0.030421432107686996,
    "tv_stderr": 0.00021781451804334643,
    "num_eval_kl": 100
  },
  "checkpoint-48": {
    "kl_mean": 0.010360497049987316,
    "kl_stderr": 0.00015418709391224974,
    "tv_mean": 0.03276510909199715,
    "tv_stderr": 0.00023540376663544246,
    "num_eval_kl": 100
  },
  "checkpoint-50": {
    "kl_mean": 0.011751932092010975,
    "kl_stderr": 0.00017144323656339902,
    "tv_mean": 0.034922223538160324,
    "tv_stderr": 0.0002503673071219584,
    "num_eval_kl": 100
  },
  "checkpoint-52": {
    "kl_mean": 0.013299445621669292,
    "kl_stderr": 0.00019096694056618566,
    "tv_mean": 0.03707113489508629,
    "tv_stderr": 0.00026623090127651225,
    "num_eval_kl": 100
  },
  "checkpoint-54": {
    "kl_mean": 0.015279999934136868,
    "kl_stderr": 0.00022014140067924703,
    "tv_mean": 0.03962799161672592,
    "tv_stderr": 0.0002846732783156536,
    "num_eval_kl": 100
  },
  "checkpoint-56": {
    "kl_mean": 0.018023116514086723,
    "kl_stderr": 0.00026287116640586773,
    "tv_mean": 0.04273281246423721,
    "tv_stderr": 0.0003087600726829832,
    "num_eval_kl": 100
  },
  "checkpoint-58": {
    "kl_mean": 0.02089904621243477,
    "kl_stderr": 0.00031289475280532196,
    "tv_mean": 0.045648179948329926,
    "tv_stderr": 0.000331607662447511,
    "num_eval_kl": 100
  },
  "checkpoint-60": {
    "kl_mean": 0.02387239597737789,
    "kl_stderr": 0.00036805713871149973,
    "tv_mean": 0.048430006951093674,
    "tv_stderr": 0.0003539389408730304,
    "num_eval_kl": 100
  },
  "checkpoint-62": {
    "kl_mean": 0.026478536427021027,
    "kl_stderr": 0.00042231914574427607,
    "tv_mean": 0.050606414675712585,
    "tv_stderr": 0.00037222267508392443,
    "num_eval_kl": 100
  },
  "checkpoint-64": {
    "kl_mean": 0.02855082042515278,
    "kl_stderr": 0.00046755586222958675,
    "tv_mean": 0.05224857106804848,
    "tv_stderr": 0.00038609999139661415,
    "num_eval_kl": 100
  }
}