{
  "checkpoint-40": {
    "kl_mean": 0.03508821129798889,
    "kl_stderr": 0.0013042377588342714,
    "tv_mean": 0.04732926934957504,
    "tv_stderr": 0.0004941531105732525,
    "num_eval_kl": 100
  },
  "checkpoint-80": {
    "kl_mean": 0.03939954936504364,
    "kl_stderr": 0.0013520725196703534,
    "tv_mean": 0.051695361733436584,
    "tv_stderr": 0.0005207251623586278,
    "num_eval_kl": 100
  },
  "checkpoint-120": {
    "kl_mean": 0.04301433265209198,
    "kl_stderr": 0.0014308744864653816,
    "tv_mean": 0.05428261682391167,
    "tv_stderr": 0.0005409832897911263,
    "num_eval_kl": 100
  },
  "checkpoint-160": {
    "kl_mean": 0.04426572099328041,
    "kl_stderr": 0.001370089670827638,
    "tv_mean": 0.056773941963911057,
    "tv_stderr": 0.0005488430581657729,
    "num_eval_kl": 100
  },
  "checkpoint-200": {
    "kl_mean": 0.049636367708444595,
    "kl_stderr": 0.0014047370402901877,
    "tv_mean": 0.06135783717036247,
    "tv_stderr": 0.0005796604273307309,
    "num_eval_kl": 100
  },
  "checkpoint-240": {
    "kl_mean": 0.06501546502113342,
    "kl_stderr": 0.0015982751511984794,
    "tv_mean": 0.07280875742435455,
    "tv_stderr": 0.0006566870604560876,
    "num_eval_kl": 100
  },
  "checkpoint-280": {
    "kl_mean": 0.2551584541797638,
    "kl_stderr": 0.01437953744546803,
    "tv_mean": 0.0952611193060875,
    "tv_stderr": 0.0008693322120395505,
    "num_eval_kl": 100
  },
  "checkpoint-320": {
    "kl_mean": 0.2660866379737854,
    "kl_stderr": 0.014644941982159973,
    "tv_mean": 0.09677984565496445,
    "tv_stderr": 0.0008756846257736801,
    "num_eval_kl": 100
  },
  "checkpoint-360": {
    "kl_mean": 0.2762429118156433,
    "kl_stderr": 0.01472121092682796,
    "tv_mean": 0.099652498960495,
    "tv_stderr": 0.0008924947534418851,
    "num_eval_kl": 100
  },
  "checkpoint-400": {
    "kl_mean": 0.2891765534877777,
    "kl_stderr": 0.01485523182910113,
    "tv_mean": 0.10373267531394958,
    "tv_stderr": 0.0009189323115806964,
    "num_eval_kl": 100
  },
  "checkpoint-440": {
    "kl_mean": 0.2994425296783447,
    "kl_stderr": 0.0150272560417166,
    "tv_mean": 0.10625210404396057,
    "tv_stderr": 0.0009316248645310161,
    "num_eval_kl": 100
  },
  "checkpoint-480": {
    "kl_mean": 0.29948151111602783,
    "kl_stderr": 0.015055589837526785,
    "tv_mean": 0.10607121884822845,
    "tv_stderr": 0.000929934751085895,
    "num_eval_kl": 100
  },
  "checkpoint-520": {
    "kl_mean": 0.30112314224243164,
    "kl_stderr": 0.015083679545780233,
    "tv_mean": 0.1062575951218605,
    "tv_stderr": 0.0009314324176247526,
    "num_eval_kl": 100
  },
  "checkpoint-560": {
    "kl_mean": 0.30052900314331055,
    "kl_stderr": 0.015033582678963056,
    "tv_mean": 0.10638228058815002,
    "tv_stderr": 0.000931748398786563,
    "num_eval_kl": 100
  },
  "checkpoint-600": {
    "kl_mean": 0.3015221953392029,
    "kl_stderr": 0.015067891008705096,
    "tv_mean": 0.10650300979614258,
    "tv_stderr": 0.000932314078713311,
    "num_eval_kl": 100
  },
  "checkpoint-640": {
    "kl_mean": 0.30286145210266113,
    "kl_stderr": 0.015149991401495814,
    "tv_mean": 0.10646986216306686,
    "tv_stderr": 0.0009321516167008708,
    "num_eval_kl": 100
  },
  "checkpoint-680": {
    "kl_mean": 0.303907185792923,
    "kl_stderr": 0.01518316205877513,
    "tv_mean": 0.1066359281539917,
    "tv_stderr": 0.0009329171959197741,
    "num_eval_kl": 100
  },
  "checkpoint-720": {
    "kl_mean": 0.3045123517513275,
    "kl_stderr": 0.0151925566241054,
    "tv_mean": 0.10664279758930206,
    "tv_stderr": 0.0009337878976173152,
    "num_eval_kl": 100
  },
  "checkpoint-760": {
    "kl_mean": 0.3047828674316406,
    "kl_stderr": 0.015196095893678086,
    "tv_mean": 0.1067504808306694,
    "tv_stderr": 0.0009343195595943457,
    "num_eval_kl": 100
  },
  "checkpoint-800": {
    "kl_mean": 0.3042981028556824,
    "kl_stderr": 0.015139678000822653,
    "tv_mean": 0.10679484158754349,
    "tv_stderr": 0.000934437131941179,
    "num_eval_kl": 100
  },
  "checkpoint-840": {
    "kl_mean": 0.30550655722618103,
    "kl_stderr": 0.015202084455630442,
    "tv_mean": 0.10686240345239639,
    "tv_stderr": 0.0009346529881066554,
    "num_eval_kl": 100
  },
  "checkpoint-880": {
    "kl_mean": 0.30582672357559204,
    "kl_stderr": 0.015206074024661245,
    "tv_mean": 0.10687235742807388,
    "tv_stderr": 0.0009355261447077844,
    "num_eval_kl": 100
  },
  "checkpoint-920": {
    "kl_mean": 0.3059501647949219,
    "kl_stderr": 0.015199576245564663,
    "tv_mean": 0.10694071650505066,
    "tv_stderr": 0.0009354258443611942,
    "num_eval_kl": 100
  },
  "checkpoint-960": {
    "kl_mean": 0.3062328100204468,
    "kl_stderr": 0.015209895257446024,
    "tv_mean": 0.1070168986916542,
    "tv_stderr": 0.0009358672886313704,
    "num_eval_kl": 100
  },
  "checkpoint-1000": {
    "kl_mean": 0.3061177134513855,
    "kl_stderr": 0.015213355970103898,
    "tv_mean": 0.10694409161806107,
    "tv_stderr": 0.00093544346706195,
    "num_eval_kl": 100
  },
  "checkpoint-1040": {
    "kl_mean": 0.3062489926815033,
    "kl_stderr": 0.015196550401542355,
    "tv_mean": 0.10704676061868668,
    "tv_stderr": 0.0009365169613308749,
    "num_eval_kl": 100
  },
  "checkpoint-1080": {
    "kl_mean": 0.3066352903842926,
    "kl_stderr": 0.015213931118944484,
    "tv_mean": 0.10706302523612976,
    "tv_stderr": 0.0009361256672339938,
    "num_eval_kl": 100
  },
  "checkpoint-1120": {
    "kl_mean": 0.30650871992111206,
    "kl_stderr": 0.015201398485427889,
    "tv_mean": 0.10711865872144699,
    "tv_stderr": 0.0009367614872632525,
    "num_eval_kl": 100
  },
  "checkpoint-1160": {
    "kl_mean": 0.3063671588897705,
    "kl_stderr": 0.01518712918297313,
    "tv_mean": 0.10719390958547592,
    "tv_stderr": 0.0009368952795087914,
    "num_eval_kl": 100
  },
  "checkpoint-1200": {
    "kl_mean": 0.3070533871650696,
    "kl_stderr": 0.015221675989063706,
    "tv_mean": 0.10719643533229828,
    "tv_stderr": 0.0009373931865614886,
    "num_eval_kl": 100
  }
}