{
  "checkpoint-7": {
    "kl_mean": 0.019592054188251495,
    "kl_stderr": 0.0006944146157005067,
    "tv_mean": 0.035086147487163544,
    "tv_stderr": 0.0004965448520480634,
    "num_eval_kl": 100
  },
  "checkpoint-15": {
    "kl_mean": 0.06747189164161682,
    "kl_stderr": 0.0018314944092810747,
    "tv_mean": 0.07246528565883636,
    "tv_stderr": 0.0008558082850533688,
    "num_eval_kl": 100
  },
  "checkpoint-23": {
    "kl_mean": 0.0905166044831276,
    "kl_stderr": 0.002069629690562279,
    "tv_mean": 0.08825947344303131,
    "tv_stderr": 0.000978911979476802,
    "num_eval_kl": 100
  },
  "checkpoint-31": {
    "kl_mean": 0.10418729484081268,
    "kl_stderr": 0.002258163983399767,
    "tv_mean": 0.09639769792556763,
    "tv_stderr": 0.0010449498519306398,
    "num_eval_kl": 100
  },
  "checkpoint-39": {
    "kl_mean": 0.12162595242261887,
    "kl_stderr": 0.002739468006398367,
    "tv_mean": 0.1008157804608345,
    "tv_stderr": 0.0011050261648396578,
    "num_eval_kl": 100
  },
  "checkpoint-46": {
    "kl_mean": 0.1295318752527237,
    "kl_stderr": 0.0029133895142756383,
    "tv_mean": 0.10223662853240967,
    "tv_stderr": 0.0011254767776061824,
    "num_eval_kl": 100
  },
  "checkpoint-54": {
    "kl_mean": 0.12929971516132355,
    "kl_stderr": 0.0028300263106156615,
    "tv_mean": 0.10292442888021469,
    "tv_stderr": 0.0011260779983427796,
    "num_eval_kl": 100
  },
  "checkpoint-62": {
    "kl_mean": 0.1392124444246292,
    "kl_stderr": 0.0029988266129279927,
    "tv_mean": 0.10552144795656204,
    "tv_stderr": 0.0011551686184765957,
    "num_eval_kl": 100
  },
  "checkpoint-70": {
    "kl_mean": 0.13379397988319397,
    "kl_stderr": 0.002931208883877562,
    "tv_mean": 0.10337865352630615,
    "tv_stderr": 0.0011340754670141142,
    "num_eval_kl": 100
  },
  "checkpoint-78": {
    "kl_mean": 0.1359117180109024,
    "kl_stderr": 0.0029914620198814744,
    "tv_mean": 0.10372060537338257,
    "tv_stderr": 0.0011382119278809807,
    "num_eval_kl": 100
  },
  "checkpoint-85": {
    "kl_mean": 0.1388118714094162,
    "kl_stderr": 0.003079998854044073,
    "tv_mean": 0.10353394597768784,
    "tv_stderr": 0.0011399763824572935,
    "num_eval_kl": 100
  },
  "checkpoint-93": {
    "kl_mean": 0.139179527759552,
    "kl_stderr": 0.003094154031497403,
    "tv_mean": 0.10348288714885712,
    "tv_stderr": 0.0011396580564585707,
    "num_eval_kl": 100
  },
  "checkpoint-101": {
    "kl_mean": 0.13609059154987335,
    "kl_stderr": 0.002995994999874454,
    "tv_mean": 0.10341790318489075,
    "tv_stderr": 0.0011350068982162395,
    "num_eval_kl": 100
  },
  "checkpoint-109": {
    "kl_mean": 0.1331714391708374,
    "kl_stderr": 0.0029384079829470754,
    "tv_mean": 0.10261037945747375,
    "tv_stderr": 0.0011255560814314052,
    "num_eval_kl": 100
  },
  "checkpoint-117": {
    "kl_mean": 0.13216941058635712,
    "kl_stderr": 0.002936096398618596,
    "tv_mean": 0.10185037553310394,
    "tv_stderr": 0.0011206755640867142,
    "num_eval_kl": 100
  },
  "checkpoint-125": {
    "kl_mean": 0.13374853134155273,
    "kl_stderr": 0.0029939719748427935,
    "tv_mean": 0.1019911840558052,
    "tv_stderr": 0.0011243438658172873,
    "num_eval_kl": 100
  },
  "checkpoint-132": {
    "kl_mean": 0.13701710104942322,
    "kl_stderr": 0.003063604954040059,
    "tv_mean": 0.10282833874225616,
    "tv_stderr": 0.0011327832811560744,
    "num_eval_kl": 100
  },
  "checkpoint-140": {
    "kl_mean": 0.14142580330371857,
    "kl_stderr": 0.003138292941211462,
    "tv_mean": 0.10450254380702972,
    "tv_stderr": 0.001147392734022795,
    "num_eval_kl": 100
  },
  "checkpoint-148": {
    "kl_mean": 0.1424437314271927,
    "kl_stderr": 0.0030994347332710536,
    "tv_mean": 0.10562171041965485,
    "tv_stderr": 0.0011555377033662525,
    "num_eval_kl": 100
  },
  "checkpoint-156": {
    "kl_mean": 0.13979503512382507,
    "kl_stderr": 0.003015267606520094,
    "tv_mean": 0.1052350327372551,
    "tv_stderr": 0.001149471738225201,
    "num_eval_kl": 100
  },
  "checkpoint-164": {
    "kl_mean": 0.13933564722537994,
    "kl_stderr": 0.002999471706228964,
    "tv_mean": 0.10507913678884506,
    "tv_stderr": 0.001148456893615874,
    "num_eval_kl": 100
  },
  "checkpoint-171": {
    "kl_mean": 0.1397729218006134,
    "kl_stderr": 0.0030043783249727126,
    "tv_mean": 0.10513530671596527,
    "tv_stderr": 0.0011476503048500938,
    "num_eval_kl": 100
  },
  "checkpoint-179": {
    "kl_mean": 0.14017771184444427,
    "kl_stderr": 0.0030238097614083644,
    "tv_mean": 0.105045385658741,
    "tv_stderr": 0.0011478165763155817,
    "num_eval_kl": 100
  },
  "checkpoint-187": {
    "kl_mean": 0.1402616649866104,
    "kl_stderr": 0.003032056914952389,
    "tv_mean": 0.10490325093269348,
    "tv_stderr": 0.0011477098382539023,
    "num_eval_kl": 100
  },
  "checkpoint-195": {
    "kl_mean": 0.14169344305992126,
    "kl_stderr": 0.0030453288654895137,
    "tv_mean": 0.1055573895573616,
    "tv_stderr": 0.0011515791762921126,
    "num_eval_kl": 100
  },
  "checkpoint-203": {
    "kl_mean": 0.14234428107738495,
    "kl_stderr": 0.0030546964910067127,
    "tv_mean": 0.10576404631137848,
    "tv_stderr": 0.0011538016826544454,
    "num_eval_kl": 100
  },
  "checkpoint-210": {
    "kl_mean": 0.14256738126277924,
    "kl_stderr": 0.0030622863335736114,
    "tv_mean": 0.10573267936706543,
    "tv_stderr": 0.0011539710640738636,
    "num_eval_kl": 100
  }
}