{
  "checkpoint-4": {
    "kl_mean": 0.04605133458971977,
    "kl_stderr": 0.0013723667873637882,
    "tv_mean": 0.05660220608115196,
    "tv_stderr": 0.0005077355587922517,
    "num_eval_kl": 100
  },
  "checkpoint-8": {
    "kl_mean": 0.25990763306617737,
    "kl_stderr": 0.004129439648331573,
    "tv_mean": 0.15333092212677002,
    "tv_stderr": 0.0010542327657241223,
    "num_eval_kl": 100
  },
  "checkpoint-12": {
    "kl_mean": 0.5950082540512085,
    "kl_stderr": 0.008467928956266076,
    "tv_mean": 0.2255169004201889,
    "tv_stderr": 0.001377132538059026,
    "num_eval_kl": 100
  },
  "checkpoint-16": {
    "kl_mean": 0.8326695561408997,
    "kl_stderr": 0.010733953808209122,
    "tv_mean": 0.27781134843826294,
    "tv_stderr": 0.0015085785565281855,
    "num_eval_kl": 100
  },
  "checkpoint-20": {
    "kl_mean": 0.9877636432647705,
    "kl_stderr": 0.01207757687952878,
    "tv_mean": 0.3062478303909302,
    "tv_stderr": 0.0015721068504125709,
    "num_eval_kl": 100
  },
  "checkpoint-24": {
    "kl_mean": 1.086024522781372,
    "kl_stderr": 0.012933505153457345,
    "tv_mean": 0.32074904441833496,
    "tv_stderr": 0.001608900202653959,
    "num_eval_kl": 100
  },
  "checkpoint-28": {
    "kl_mean": 1.1304543018341064,
    "kl_stderr": 0.013280624308299283,
    "tv_mean": 0.3275437355041504,
    "tv_stderr": 0.001623792159701032,
    "num_eval_kl": 100
  },
  "checkpoint-32": {
    "kl_mean": 1.152949571609497,
    "kl_stderr": 0.013493208529350376,
    "tv_mean": 0.3298799693584442,
    "tv_stderr": 0.001630804964680274,
    "num_eval_kl": 100
  },
  "checkpoint-36": {
    "kl_mean": 1.1614547967910767,
    "kl_stderr": 0.01364729435048646,
    "tv_mean": 0.3289741575717926,
    "tv_stderr": 0.0016330636498384581,
    "num_eval_kl": 100
  },
  "checkpoint-40": {
    "kl_mean": 1.1505229473114014,
    "kl_stderr": 0.013677458716596544,
    "tv_mean": 0.32377880811691284,
    "tv_stderr": 0.0016292432137459782,
    "num_eval_kl": 100
  },
  "checkpoint-44": {
    "kl_mean": 1.1205520629882812,
    "kl_stderr": 0.013627164368037317,
    "tv_mean": 0.3122897744178772,
    "tv_stderr": 0.0016205644390782754,
    "num_eval_kl": 100
  },
  "checkpoint-48": {
    "kl_mean": 1.106383204460144,
    "kl_stderr": 0.013668020568275145,
    "tv_mean": 0.303506076335907,
    "tv_stderr": 0.0016176045346372942,
    "num_eval_kl": 100
  },
  "checkpoint-52": {
    "kl_mean": 1.1017621755599976,
    "kl_stderr": 0.013774665890084999,
    "tv_mean": 0.29688316583633423,
    "tv_stderr": 0.00161624448754733,
    "num_eval_kl": 100
  },
  "checkpoint-56": {
    "kl_mean": 1.1029108762741089,
    "kl_stderr": 0.01380006404638639,
    "tv_mean": 0.2932257652282715,
    "tv_stderr": 0.0016170047794279356,
    "num_eval_kl": 100
  },
  "checkpoint-60": {
    "kl_mean": 1.095900297164917,
    "kl_stderr": 0.013692796778883546,
    "tv_mean": 0.2917153239250183,
    "tv_stderr": 0.0016152356622500367,
    "num_eval_kl": 100
  },
  "checkpoint-64": {
    "kl_mean": 1.092260718345642,
    "kl_stderr": 0.013755122348555034,
    "tv_mean": 0.2882440388202667,
    "tv_stderr": 0.001610852046986738,
    "num_eval_kl": 100
  },
  "checkpoint-68": {
    "kl_mean": 1.1095561981201172,
    "kl_stderr": 0.013935525777204,
    "tv_mean": 0.28853800892829895,
    "tv_stderr": 0.001615793332059402,
    "num_eval_kl": 100
  },
  "checkpoint-72": {
    "kl_mean": 1.1065722703933716,
    "kl_stderr": 0.013913941323331088,
    "tv_mean": 0.2865196764469147,
    "tv_stderr": 0.0016142869808152794,
    "num_eval_kl": 100
  },
  "checkpoint-76": {
    "kl_mean": 1.0931748151779175,
    "kl_stderr": 0.013864824753820398,
    "tv_mean": 0.2837597727775574,
    "tv_stderr": 0.0016064229794914462,
    "num_eval_kl": 100
  },
  "checkpoint-80": {
    "kl_mean": 1.1075176000595093,
    "kl_stderr": 0.014002917510807766,
    "tv_mean": 0.28585025668144226,
    "tv_stderr": 0.0016121906687821602,
    "num_eval_kl": 100
  },
  "checkpoint-84": {
    "kl_mean": 1.1486613750457764,
    "kl_stderr": 0.014317424918751648,
    "tv_mean": 0.2904049754142761,
    "tv_stderr": 0.0016281587877665154,
    "num_eval_kl": 100
  },
  "checkpoint-88": {
    "kl_mean": 1.1730961799621582,
    "kl_stderr": 0.014517855488435958,
    "tv_mean": 0.2925429046154022,
    "tv_stderr": 0.0016367532385964136,
    "num_eval_kl": 100
  },
  "checkpoint-92": {
    "kl_mean": 1.1842687129974365,
    "kl_stderr": 0.014597501266215219,
    "tv_mean": 0.29333415627479553,
    "tv_stderr": 0.0016403722769201985,
    "num_eval_kl": 100
  },
  "checkpoint-96": {
    "kl_mean": 1.1900627613067627,
    "kl_stderr": 0.014627870090850363,
    "tv_mean": 0.29396501183509827,
    "tv_stderr": 0.001642552606715486,
    "num_eval_kl": 100
  },
  "checkpoint-100": {
    "kl_mean": 1.192274808883667,
    "kl_stderr": 0.014628127194384867,
    "tv_mean": 0.29425832629203796,
    "tv_stderr": 0.0016433753380259,
    "num_eval_kl": 100
  },
  "checkpoint-104": {
    "kl_mean": 1.192102313041687,
    "kl_stderr": 0.01462954126382464,
    "tv_mean": 0.2941761314868927,
    "tv_stderr": 0.0016434818523473375,
    "num_eval_kl": 100
  },
  "checkpoint-108": {
    "kl_mean": 1.191881775856018,
    "kl_stderr": 0.014625694505227438,
    "tv_mean": 0.2941638231277466,
    "tv_stderr": 0.0016432374509517402,
    "num_eval_kl": 100
  },
  "checkpoint-112": {
    "kl_mean": 1.1910964250564575,
    "kl_stderr": 0.014618646195474384,
    "tv_mean": 0.2939678430557251,
    "tv_stderr": 0.0016429769805852365,
    "num_eval_kl": 100
  },
  "checkpoint-116": {
    "kl_mean": 1.1908868551254272,
    "kl_stderr": 0.01461150973593807,
    "tv_mean": 0.2940642237663269,
    "tv_stderr": 0.001643251683468829,
    "num_eval_kl": 100
  },
  "checkpoint-120": {
    "kl_mean": 1.1903398036956787,
    "kl_stderr": 0.014613415975001038,
    "tv_mean": 0.2939579486846924,
    "tv_stderr": 0.0016426372366289271,
    "num_eval_kl": 100
  }
}