{
  "checkpoint-40": {
    "kl_mean": 0.07315687090158463,
    "kl_stderr": 0.0013147814184782606,
    "tv_mean": 0.0950821191072464,
    "tv_stderr": 0.0008231840521883275,
    "num_eval_kl": 100
  },
  "checkpoint-80": {
    "kl_mean": 0.14094842970371246,
    "kl_stderr": 0.0021510255383870784,
    "tv_mean": 0.13986921310424805,
    "tv_stderr": 0.0010998106201327977,
    "num_eval_kl": 100
  },
  "checkpoint-120": {
    "kl_mean": 0.21277518570423126,
    "kl_stderr": 0.003537237815124203,
    "tv_mean": 0.16368377208709717,
    "tv_stderr": 0.0013203383324252964,
    "num_eval_kl": 100
  },
  "checkpoint-160": {
    "kl_mean": 0.25239744782447815,
    "kl_stderr": 0.003737943321934814,
    "tv_mean": 0.18291427195072174,
    "tv_stderr": 0.0014166207666803687,
    "num_eval_kl": 100
  },
  "checkpoint-200": {
    "kl_mean": 0.2663227617740631,
    "kl_stderr": 0.004270902114006081,
    "tv_mean": 0.17802047729492188,
    "tv_stderr": 0.001442432263140224,
    "num_eval_kl": 100
  },
  "checkpoint-240": {
    "kl_mean": 0.32734546065330505,
    "kl_stderr": 0.005771001848866021,
    "tv_mean": 0.19313660264015198,
    "tv_stderr": 0.0015422881088722926,
    "num_eval_kl": 100
  },
  "checkpoint-280": {
    "kl_mean": 0.28227075934410095,
    "kl_stderr": 0.004542188934255985,
    "tv_mean": 0.181586354970932,
    "tv_stderr": 0.00147059673802042,
    "num_eval_kl": 100
  },
  "checkpoint-320": {
    "kl_mean": 0.36475178599357605,
    "kl_stderr": 0.005932383207900593,
    "tv_mean": 0.2014939934015274,
    "tv_stderr": 0.0016144918139145861,
    "num_eval_kl": 100
  },
  "checkpoint-360": {
    "kl_mean": 0.3913803994655609,
    "kl_stderr": 0.006433257886077586,
    "tv_mean": 0.2105342000722885,
    "tv_stderr": 0.001656579046465682,
    "num_eval_kl": 100
  },
  "checkpoint-400": {
    "kl_mean": 0.43743422627449036,
    "kl_stderr": 0.006734181001311975,
    "tv_mean": 0.22355760633945465,
    "tv_stderr": 0.0017324691459277282,
    "num_eval_kl": 100
  },
  "checkpoint-440": {
    "kl_mean": 0.4319602847099304,
    "kl_stderr": 0.006494285188057512,
    "tv_mean": 0.22528678178787231,
    "tv_stderr": 0.001725887020412626,
    "num_eval_kl": 100
  },
  "checkpoint-480": {
    "kl_mean": 0.4465319812297821,
    "kl_stderr": 0.006723839585651554,
    "tv_mean": 0.22989477217197418,
    "tv_stderr": 0.0017473255338005954,
    "num_eval_kl": 100
  },
  "checkpoint-520": {
    "kl_mean": 0.5103864073753357,
    "kl_stderr": 0.007601281197437263,
    "tv_mean": 0.24171362817287445,
    "tv_stderr": 0.0018288112221400822,
    "num_eval_kl": 100
  },
  "checkpoint-560": {
    "kl_mean": 0.5063124895095825,
    "kl_stderr": 0.0076060004080462295,
    "tv_mean": 0.2416762262582779,
    "tv_stderr": 0.0018194916502869336,
    "num_eval_kl": 100
  },
  "checkpoint-600": {
    "kl_mean": 0.506093442440033,
    "kl_stderr": 0.0076812957174971315,
    "tv_mean": 0.23894469439983368,
    "tv_stderr": 0.0018207510841863291,
    "num_eval_kl": 100
  },
  "checkpoint-640": {
    "kl_mean": 0.5112732648849487,
    "kl_stderr": 0.007746144450240893,
    "tv_mean": 0.23987258970737457,
    "tv_stderr": 0.0018265335294690972,
    "num_eval_kl": 100
  },
  "checkpoint-680": {
    "kl_mean": 0.5110572576522827,
    "kl_stderr": 0.007790011381415288,
    "tv_mean": 0.2388618439435959,
    "tv_stderr": 0.0018248696383621238,
    "num_eval_kl": 100
  },
  "checkpoint-720": {
    "kl_mean": 0.5119046568870544,
    "kl_stderr": 0.007812815684761266,
    "tv_mean": 0.23866623640060425,
    "tv_stderr": 0.001825399354543738,
    "num_eval_kl": 100
  },
  "checkpoint-760": {
    "kl_mean": 0.5129944682121277,
    "kl_stderr": 0.007840167117003399,
    "tv_mean": 0.23844389617443085,
    "tv_stderr": 0.0018260175016055478,
    "num_eval_kl": 100
  },
  "checkpoint-800": {
    "kl_mean": 0.5145381689071655,
    "kl_stderr": 0.007888662003332995,
    "tv_mean": 0.23832152783870697,
    "tv_stderr": 0.0018273076799018666,
    "num_eval_kl": 100
  },
  "checkpoint-840": {
    "kl_mean": 0.5157865881919861,
    "kl_stderr": 0.007901914033418726,
    "tv_mean": 0.2385273575782776,
    "tv_stderr": 0.0018287634216643009,
    "num_eval_kl": 100
  },
  "checkpoint-880": {
    "kl_mean": 0.5164336562156677,
    "kl_stderr": 0.007927048392684159,
    "tv_mean": 0.23836855590343475,
    "tv_stderr": 0.0018281961169267313,
    "num_eval_kl": 100
  },
  "checkpoint-920": {
    "kl_mean": 0.5165008902549744,
    "kl_stderr": 0.007929708706436285,
    "tv_mean": 0.23820346593856812,
    "tv_stderr": 0.0018285102964175491,
    "num_eval_kl": 100
  },
  "checkpoint-960": {
    "kl_mean": 0.5180041193962097,
    "kl_stderr": 0.0079661613492672,
    "tv_mean": 0.23819220066070557,
    "tv_stderr": 0.0018305320392682136,
    "num_eval_kl": 100
  },
  "checkpoint-1000": {
    "kl_mean": 0.5188812017440796,
    "kl_stderr": 0.007981736482475908,
    "tv_mean": 0.23822887241840363,
    "tv_stderr": 0.001830963329924696,
    "num_eval_kl": 100
  }
}