{
  "checkpoint-8": {
    "kl_mean": 0.041473839432001114,
    "kl_stderr": 0.0013143030650115924,
    "tv_mean": 0.052445925772190094,
    "tv_stderr": 0.0007056373618640174,
    "num_eval_kl": 100
  },
  "checkpoint-16": {
    "kl_mean": 0.07509955763816833,
    "kl_stderr": 0.0025755192885298745,
    "tv_mean": 0.06982328742742538,
    "tv_stderr": 0.0008629803076503923,
    "num_eval_kl": 100
  },
  "checkpoint-24": {
    "kl_mean": 0.08361892402172089,
    "kl_stderr": 0.002604997014898631,
    "tv_mean": 0.0777229592204094,
    "tv_stderr": 0.0009055095979252283,
    "num_eval_kl": 100
  },
  "checkpoint-32": {
    "kl_mean": 0.08626385033130646,
    "kl_stderr": 0.002748598974966745,
    "tv_mean": 0.07529037445783615,
    "tv_stderr": 0.0009119339414417387,
    "num_eval_kl": 100
  },
  "checkpoint-40": {
    "kl_mean": 0.09864316880702972,
    "kl_stderr": 0.0032742139466606372,
    "tv_mean": 0.07483168691396713,
    "tv_stderr": 0.0009411921206036132,
    "num_eval_kl": 100
  },
  "checkpoint-48": {
    "kl_mean": 0.11082518845796585,
    "kl_stderr": 0.0036890768861703037,
    "tv_mean": 0.07616700977087021,
    "tv_stderr": 0.0009638556028703374,
    "num_eval_kl": 100
  },
  "checkpoint-56": {
    "kl_mean": 0.12085630744695663,
    "kl_stderr": 0.003915174553636589,
    "tv_mean": 0.07826944440603256,
    "tv_stderr": 0.0009831089667842146,
    "num_eval_kl": 100
  },
  "checkpoint-64": {
    "kl_mean": 0.11880968511104584,
    "kl_stderr": 0.003821275030426469,
    "tv_mean": 0.07824604958295822,
    "tv_stderr": 0.000985849656829825,
    "num_eval_kl": 100
  },
  "checkpoint-72": {
    "kl_mean": 0.12647539377212524,
    "kl_stderr": 0.003953545085926576,
    "tv_mean": 0.0802193284034729,
    "tv_stderr": 0.0009987088036801461,
    "num_eval_kl": 100
  },
  "checkpoint-80": {
    "kl_mean": 0.11640243232250214,
    "kl_stderr": 0.003601249504816026,
    "tv_mean": 0.07817114144563675,
    "tv_stderr": 0.000974233267022528,
    "num_eval_kl": 100
  },
  "checkpoint-88": {
    "kl_mean": 0.11646348237991333,
    "kl_stderr": 0.003546549018591242,
    "tv_mean": 0.0785583034157753,
    "tv_stderr": 0.0009721596082426896,
    "num_eval_kl": 100
  },
  "checkpoint-96": {
    "kl_mean": 0.12112891674041748,
    "kl_stderr": 0.0036072854731370374,
    "tv_mean": 0.08032470941543579,
    "tv_stderr": 0.000985474410884167,
    "num_eval_kl": 100
  },
  "checkpoint-104": {
    "kl_mean": 0.12232332676649094,
    "kl_stderr": 0.003603487687805488,
    "tv_mean": 0.08073828369379044,
    "tv_stderr": 0.0009842660840730904,
    "num_eval_kl": 100
  },
  "checkpoint-112": {
    "kl_mean": 0.1238304153084755,
    "kl_stderr": 0.003616775360295842,
    "tv_mean": 0.08111318945884705,
    "tv_stderr": 0.0009868423588655073,
    "num_eval_kl": 100
  },
  "checkpoint-120": {
    "kl_mean": 0.12512731552124023,
    "kl_stderr": 0.0036428455832660765,
    "tv_mean": 0.08138904720544815,
    "tv_stderr": 0.0009892713245642747,
    "num_eval_kl": 100
  },
  "checkpoint-128": {
    "kl_mean": 0.12600918114185333,
    "kl_stderr": 0.003665955024201668,
    "tv_mean": 0.08160203695297241,
    "tv_stderr": 0.0009914316037061336,
    "num_eval_kl": 100
  },
  "checkpoint-136": {
    "kl_mean": 0.12641070783138275,
    "kl_stderr": 0.0036768258251570086,
    "tv_mean": 0.08172310888767242,
    "tv_stderr": 0.0009918891117566032,
    "num_eval_kl": 100
  },
  "checkpoint-144": {
    "kl_mean": 0.12647105753421783,
    "kl_stderr": 0.0036830049622273214,
    "tv_mean": 0.08160935342311859,
    "tv_stderr": 0.0009905783659011254,
    "num_eval_kl": 100
  },
  "checkpoint-152": {
    "kl_mean": 0.12651588022708893,
    "kl_stderr": 0.0036764130981993565,
    "tv_mean": 0.08169467747211456,
    "tv_stderr": 0.0009911506050726108,
    "num_eval_kl": 100
  },
  "checkpoint-160": {
    "kl_mean": 0.12687930464744568,
    "kl_stderr": 0.0036838522074286676,
    "tv_mean": 0.08183267712593079,
    "tv_stderr": 0.0009917762328949013,
    "num_eval_kl": 100
  },
  "checkpoint-168": {
    "kl_mean": 0.12722468376159668,
    "kl_stderr": 0.003695988210451657,
    "tv_mean": 0.08182480931282043,
    "tv_stderr": 0.0009930321736659814,
    "num_eval_kl": 100
  },
  "checkpoint-176": {
    "kl_mean": 0.12742596864700317,
    "kl_stderr": 0.0037006663637393377,
    "tv_mean": 0.08186996728181839,
    "tv_stderr": 0.0009929171156756753,
    "num_eval_kl": 100
  },
  "checkpoint-184": {
    "kl_mean": 0.1275624781847,
    "kl_stderr": 0.0037044105425072214,
    "tv_mean": 0.08195438235998154,
    "tv_stderr": 0.0009930575605142213,
    "num_eval_kl": 100
  },
  "checkpoint-192": {
    "kl_mean": 0.12798520922660828,
    "kl_stderr": 0.003708142082329201,
    "tv_mean": 0.08206325769424438,
    "tv_stderr": 0.000994417445719726,
    "num_eval_kl": 100
  },
  "checkpoint-200": {
    "kl_mean": 0.12798793613910675,
    "kl_stderr": 0.003717896733613426,
    "tv_mean": 0.082058385014534,
    "tv_stderr": 0.0009939621167978604,
    "num_eval_kl": 100
  },
  "checkpoint-208": {
    "kl_mean": 0.1282999962568283,
    "kl_stderr": 0.003716582719065042,
    "tv_mean": 0.08210036158561707,
    "tv_stderr": 0.0009948249427687275,
    "num_eval_kl": 100
  },
  "checkpoint-216": {
    "kl_mean": 0.12841059267520905,
    "kl_stderr": 0.003726905687089265,
    "tv_mean": 0.08210793137550354,
    "tv_stderr": 0.0009951781795154821,
    "num_eval_kl": 100
  },
  "checkpoint-224": {
    "kl_mean": 0.1286322921514511,
    "kl_stderr": 0.0037240845871981563,
    "tv_mean": 0.08221379667520523,
    "tv_stderr": 0.000995791277348298,
    "num_eval_kl": 100
  },
  "checkpoint-232": {
    "kl_mean": 0.12880629301071167,
    "kl_stderr": 0.0037295437401776133,
    "tv_mean": 0.08224574476480484,
    "tv_stderr": 0.0009961875518849875,
    "num_eval_kl": 100
  },
  "checkpoint-240": {
    "kl_mean": 0.12911392748355865,
    "kl_stderr": 0.003737105316434485,
    "tv_mean": 0.08236143738031387,
    "tv_stderr": 0.0009963702718184567,
    "num_eval_kl": 100
  }
}