{
  "checkpoint-195": {
    "kl_mean": 0.14859206974506378,
    "kl_stderr": 0.0026724034308602774,
    "tv_mean": 0.13631458580493927,
    "tv_stderr": 0.0011105534416930545,
    "num_eval_kl": 100
  },
  "checkpoint-390": {
    "kl_mean": 0.21160519123077393,
    "kl_stderr": 0.0033600559777194395,
    "tv_mean": 0.1641765981912613,
    "tv_stderr": 0.001296346593568072,
    "num_eval_kl": 100
  },
  "checkpoint-585": {
    "kl_mean": 0.2635367214679718,
    "kl_stderr": 0.004065375406596681,
    "tv_mean": 0.18590131402015686,
    "tv_stderr": 0.001427418005070423,
    "num_eval_kl": 100
  },
  "checkpoint-781": {
    "kl_mean": 0.7304219007492065,
    "kl_stderr": 0.009263209722918544,
    "tv_mean": 0.31071949005126953,
    "tv_stderr": 0.002046542560633976,
    "num_eval_kl": 100
  },
  "checkpoint-976": {
    "kl_mean": 0.7315110564231873,
    "kl_stderr": 0.008844369012540028,
    "tv_mean": 0.31888461112976074,
    "tv_stderr": 0.0020366285616812384,
    "num_eval_kl": 100
  },
  "checkpoint-1171": {
    "kl_mean": 0.6977538466453552,
    "kl_stderr": 0.008774707370142241,
    "tv_mean": 0.3010919988155365,
    "tv_stderr": 0.001998943742852703,
    "num_eval_kl": 100
  },
  "checkpoint-1367": {
    "kl_mean": 0.7638310790061951,
    "kl_stderr": 0.009398971813486623,
    "tv_mean": 0.311544805765152,
    "tv_stderr": 0.002046105209747026,
    "num_eval_kl": 100
  },
  "checkpoint-1562": {
    "kl_mean": 0.7886255383491516,
    "kl_stderr": 0.009986175736630541,
    "tv_mean": 0.30907773971557617,
    "tv_stderr": 0.0020632080437233127,
    "num_eval_kl": 100
  },
  "checkpoint-1757": {
    "kl_mean": 0.8577733039855957,
    "kl_stderr": 0.010482737994076752,
    "tv_mean": 0.3190579414367676,
    "tv_stderr": 0.0021204482372371236,
    "num_eval_kl": 100
  },
  "checkpoint-1953": {
    "kl_mean": 0.9436588287353516,
    "kl_stderr": 0.011443302408447617,
    "tv_mean": 0.33090299367904663,
    "tv_stderr": 0.002174349437267176,
    "num_eval_kl": 100
  },
  "checkpoint-2148": {
    "kl_mean": 0.9702127575874329,
    "kl_stderr": 0.011518422497577107,
    "tv_mean": 0.3367139995098114,
    "tv_stderr": 0.0021918483868000847,
    "num_eval_kl": 100
  },
  "checkpoint-2343": {
    "kl_mean": 0.9867638945579529,
    "kl_stderr": 0.011653737622802977,
    "tv_mean": 0.3408805727958679,
    "tv_stderr": 0.0022049607945352555,
    "num_eval_kl": 100
  },
  "checkpoint-2539": {
    "kl_mean": 1.0071954727172852,
    "kl_stderr": 0.012371640023412525,
    "tv_mean": 0.33658021688461304,
    "tv_stderr": 0.0022125254479321054,
    "num_eval_kl": 100
  },
  "checkpoint-2734": {
    "kl_mean": 1.028753638267517,
    "kl_stderr": 0.012728562787312462,
    "tv_mean": 0.33583584427833557,
    "tv_stderr": 0.002223211808123887,
    "num_eval_kl": 100
  },
  "checkpoint-2929": {
    "kl_mean": 1.0375326871871948,
    "kl_stderr": 0.012897718231191109,
    "tv_mean": 0.3353320062160492,
    "tv_stderr": 0.0022273643981770186,
    "num_eval_kl": 100
  },
  "checkpoint-3125": {
    "kl_mean": 1.042312502861023,
    "kl_stderr": 0.012974693696530797,
    "tv_mean": 0.3353530764579773,
    "tv_stderr": 0.0022290868812500967,
    "num_eval_kl": 100
  },
  "checkpoint-3320": {
    "kl_mean": 1.0449304580688477,
    "kl_stderr": 0.013018866349767308,
    "tv_mean": 0.3351820111274719,
    "tv_stderr": 0.0022308241064879033,
    "num_eval_kl": 100
  },
  "checkpoint-3515": {
    "kl_mean": 1.046392798423767,
    "kl_stderr": 0.013036842389935565,
    "tv_mean": 0.33520594239234924,
    "tv_stderr": 0.0022317921753050845,
    "num_eval_kl": 100
  },
  "checkpoint-3710": {
    "kl_mean": 1.0491870641708374,
    "kl_stderr": 0.013071879174131537,
    "tv_mean": 0.3355831205844879,
    "tv_stderr": 0.002232620514039186,
    "num_eval_kl": 100
  },
  "checkpoint-3900": {
    "kl_mean": 1.0503804683685303,
    "kl_stderr": 0.013088353650043086,
    "tv_mean": 0.3355760872364044,
    "tv_stderr": 0.0022331228159127663,
    "num_eval_kl": 100
  }
}