{
  "checkpoint-40": {
    "kl_mean": 0.10009688884019852,
    "kl_stderr": 0.00165503345293749,
    "tv_mean": 0.09624088555574417,
    "tv_stderr": 0.0007061416676990658,
    "num_eval_kl": 100
  },
  "checkpoint-80": {
    "kl_mean": 0.13086605072021484,
    "kl_stderr": 0.0018097223961149322,
    "tv_mean": 0.1151164323091507,
    "tv_stderr": 0.000793177641717146,
    "num_eval_kl": 100
  },
  "checkpoint-120": {
    "kl_mean": 0.14746393263339996,
    "kl_stderr": 0.0020794582842812476,
    "tv_mean": 0.12079893797636032,
    "tv_stderr": 0.0008241668051481899,
    "num_eval_kl": 100
  },
  "checkpoint-160": {
    "kl_mean": 0.17840313911437988,
    "kl_stderr": 0.0023778564723724335,
    "tv_mean": 0.133305162191391,
    "tv_stderr": 0.000886361527485152,
    "num_eval_kl": 100
  },
  "checkpoint-200": {
    "kl_mean": 0.3171326518058777,
    "kl_stderr": 0.0032277867350939573,
    "tv_mean": 0.18627037107944489,
    "tv_stderr": 0.0011224564894263022,
    "num_eval_kl": 100
  },
  "checkpoint-240": {
    "kl_mean": 0.38206082582473755,
    "kl_stderr": 0.0037894477707568573,
    "tv_mean": 0.20639988780021667,
    "tv_stderr": 0.0012089646360095576,
    "num_eval_kl": 100
  },
  "checkpoint-280": {
    "kl_mean": 0.49039769172668457,
    "kl_stderr": 0.004578581464648105,
    "tv_mean": 0.23412629961967468,
    "tv_stderr": 0.001324572923715432,
    "num_eval_kl": 100
  },
  "checkpoint-320": {
    "kl_mean": 0.5948479771614075,
    "kl_stderr": 0.00554530207918295,
    "tv_mean": 0.24717970192432404,
    "tv_stderr": 0.0014051585067359983,
    "num_eval_kl": 100
  },
  "checkpoint-360": {
    "kl_mean": 0.6392120718955994,
    "kl_stderr": 0.005976961161228824,
    "tv_mean": 0.25146424770355225,
    "tv_stderr": 0.0014326355287592402,
    "num_eval_kl": 100
  },
  "checkpoint-400": {
    "kl_mean": 0.7101104855537415,
    "kl_stderr": 0.006532309692968369,
    "tv_mean": 0.26516464352607727,
    "tv_stderr": 0.0014834913730732886,
    "num_eval_kl": 100
  },
  "checkpoint-440": {
    "kl_mean": 0.7600533366203308,
    "kl_stderr": 0.006981607913935058,
    "tv_mean": 0.2677587568759918,
    "tv_stderr": 0.00150640052230017,
    "num_eval_kl": 100
  },
  "checkpoint-480": {
    "kl_mean": 0.8112139105796814,
    "kl_stderr": 0.007313891582684824,
    "tv_mean": 0.27581846714019775,
    "tv_stderr": 0.001537476075579564,
    "num_eval_kl": 100
  },
  "checkpoint-520": {
    "kl_mean": 0.8251538872718811,
    "kl_stderr": 0.007454435393367802,
    "tv_mean": 0.2799634337425232,
    "tv_stderr": 0.0015478899930295347,
    "num_eval_kl": 100
  },
  "checkpoint-560": {
    "kl_mean": 0.8966574668884277,
    "kl_stderr": 0.007888639188253995,
    "tv_mean": 0.2935123145580292,
    "tv_stderr": 0.0015903775764089215,
    "num_eval_kl": 100
  },
  "checkpoint-600": {
    "kl_mean": 0.9549282193183899,
    "kl_stderr": 0.00828743003201858,
    "tv_mean": 0.30216851830482483,
    "tv_stderr": 0.001621118435980005,
    "num_eval_kl": 100
  },
  "checkpoint-640": {
    "kl_mean": 0.9491471648216248,
    "kl_stderr": 0.008306385908326821,
    "tv_mean": 0.3013421595096588,
    "tv_stderr": 0.0016172758094038923,
    "num_eval_kl": 100
  },
  "checkpoint-680": {
    "kl_mean": 0.9542860984802246,
    "kl_stderr": 0.008378394486828759,
    "tv_mean": 0.30062803626060486,
    "tv_stderr": 0.0016179666221150545,
    "num_eval_kl": 100
  },
  "checkpoint-720": {
    "kl_mean": 0.9567524194717407,
    "kl_stderr": 0.008412865949293065,
    "tv_mean": 0.3003854751586914,
    "tv_stderr": 0.0016182941230459113,
    "num_eval_kl": 100
  },
  "checkpoint-760": {
    "kl_mean": 0.9603132009506226,
    "kl_stderr": 0.00844687401324399,
    "tv_mean": 0.30040454864501953,
    "tv_stderr": 0.0016193003467002958,
    "num_eval_kl": 100
  },
  "checkpoint-800": {
    "kl_mean": 0.9604520201683044,
    "kl_stderr": 0.008454061893487203,
    "tv_mean": 0.30009201169013977,
    "tv_stderr": 0.001618776345210925,
    "num_eval_kl": 100
  },
  "checkpoint-840": {
    "kl_mean": 0.9622409343719482,
    "kl_stderr": 0.008479855499510714,
    "tv_mean": 0.30005693435668945,
    "tv_stderr": 0.0016195266896333505,
    "num_eval_kl": 100
  },
  "checkpoint-880": {
    "kl_mean": 0.963623046875,
    "kl_stderr": 0.008491840197126252,
    "tv_mean": 0.30011770129203796,
    "tv_stderr": 0.001619963000452917,
    "num_eval_kl": 100
  },
  "checkpoint-920": {
    "kl_mean": 0.9632624983787537,
    "kl_stderr": 0.008496021190318311,
    "tv_mean": 0.2999688684940338,
    "tv_stderr": 0.0016197039074267766,
    "num_eval_kl": 100
  },
  "checkpoint-960": {
    "kl_mean": 0.9649662971496582,
    "kl_stderr": 0.008510445310755276,
    "tv_mean": 0.2997955083847046,
    "tv_stderr": 0.0016199992704158204,
    "num_eval_kl": 100
  },
  "checkpoint-1000": {
    "kl_mean": 0.9658496975898743,
    "kl_stderr": 0.00852091799472742,
    "tv_mean": 0.2997942566871643,
    "tv_stderr": 0.0016203425342419472,
    "num_eval_kl": 100
  },
  "checkpoint-1040": {
    "kl_mean": 0.965853214263916,
    "kl_stderr": 0.008525038997094761,
    "tv_mean": 0.2997434139251709,
    "tv_stderr": 0.001620093235636169,
    "num_eval_kl": 100
  },
  "checkpoint-1080": {
    "kl_mean": 0.9663476943969727,
    "kl_stderr": 0.008532105059234721,
    "tv_mean": 0.29965293407440186,
    "tv_stderr": 0.0016200376829081779,
    "num_eval_kl": 100
  },
  "checkpoint-1120": {
    "kl_mean": 0.9674768447875977,
    "kl_stderr": 0.008542447354985794,
    "tv_mean": 0.29968497157096863,
    "tv_stderr": 0.0016206348364746278,
    "num_eval_kl": 100
  },
  "checkpoint-1160": {
    "kl_mean": 0.9674702882766724,
    "kl_stderr": 0.008539027877976887,
    "tv_mean": 0.299686074256897,
    "tv_stderr": 0.0016206703412484404,
    "num_eval_kl": 100
  },
  "checkpoint-1200": {
    "kl_mean": 0.9680246114730835,
    "kl_stderr": 0.00854670670354075,
    "tv_mean": 0.29957908391952515,
    "tv_stderr": 0.0016203425342419472,
    "num_eval_kl": 100
  }
}