{
  "checkpoint-40": {
    "kl_mean": 0.2847834825515747,
    "kl_stderr": 0.005186486763078477,
    "tv_mean": 0.1569419652223587,
    "tv_stderr": 0.001142649624802673,
    "num_eval_kl": 100
  },
  "checkpoint-80": {
    "kl_mean": 0.328468918800354,
    "kl_stderr": 0.005980945283017671,
    "tv_mean": 0.16880793869495392,
    "tv_stderr": 0.0011911804148560133,
    "num_eval_kl": 100
  },
  "checkpoint-120": {
    "kl_mean": 0.31903430819511414,
    "kl_stderr": 0.005727812079136799,
    "tv_mean": 0.16870467364788055,
    "tv_stderr": 0.0011807674675016462,
    "num_eval_kl": 100
  },
  "checkpoint-160": {
    "kl_mean": 0.373442143201828,
    "kl_stderr": 0.005702233870717172,
    "tv_mean": 0.19548742473125458,
    "tv_stderr": 0.0012736118178313745,
    "num_eval_kl": 100
  },
  "checkpoint-200": {
    "kl_mean": 0.4027103781700134,
    "kl_stderr": 0.005475895472958039,
    "tv_mean": 0.21288499236106873,
    "tv_stderr": 0.001324275613703576,
    "num_eval_kl": 100
  },
  "checkpoint-240": {
    "kl_mean": 0.4744921028614044,
    "kl_stderr": 0.00663645486506879,
    "tv_mean": 0.21855683624744415,
    "tv_stderr": 0.0013950480677029271,
    "num_eval_kl": 100
  },
  "checkpoint-280": {
    "kl_mean": 0.8382409811019897,
    "kl_stderr": 0.012204164034638417,
    "tv_mean": 0.2720625400543213,
    "tv_stderr": 0.0016098880163906567,
    "num_eval_kl": 100
  },
  "checkpoint-320": {
    "kl_mean": 0.9998685717582703,
    "kl_stderr": 0.014997430569734746,
    "tv_mean": 0.28017184138298035,
    "tv_stderr": 0.0016727613475258,
    "num_eval_kl": 100
  },
  "checkpoint-360": {
    "kl_mean": 1.089843988418579,
    "kl_stderr": 0.01582056911672244,
    "tv_mean": 0.29302263259887695,
    "tv_stderr": 0.0017241285626649634,
    "num_eval_kl": 100
  },
  "checkpoint-400": {
    "kl_mean": 1.1138455867767334,
    "kl_stderr": 0.015292567062036772,
    "tv_mean": 0.30354610085487366,
    "tv_stderr": 0.0017548329948094707,
    "num_eval_kl": 100
  },
  "checkpoint-440": {
    "kl_mean": 1.2423667907714844,
    "kl_stderr": 0.017083954268191096,
    "tv_mean": 0.30763912200927734,
    "tv_stderr": 0.001792378851234231,
    "num_eval_kl": 100
  },
  "checkpoint-480": {
    "kl_mean": 1.1571605205535889,
    "kl_stderr": 0.016087936176710345,
    "tv_mean": 0.30113446712493896,
    "tv_stderr": 0.0017638939516288112,
    "num_eval_kl": 100
  },
  "checkpoint-520": {
    "kl_mean": 1.207370638847351,
    "kl_stderr": 0.016881360083091233,
    "tv_mean": 0.2989717125892639,
    "tv_stderr": 0.001772501464623168,
    "num_eval_kl": 100
  },
  "checkpoint-560": {
    "kl_mean": 1.227805256843567,
    "kl_stderr": 0.017135508354085335,
    "tv_mean": 0.2994338274002075,
    "tv_stderr": 0.0017780474314056602,
    "num_eval_kl": 100
  },
  "checkpoint-600": {
    "kl_mean": 1.2365975379943848,
    "kl_stderr": 0.017255311886029655,
    "tv_mean": 0.2993156611919403,
    "tv_stderr": 0.0017799304617825433,
    "num_eval_kl": 100
  }
}