{
  "checkpoint-3": {
    "kl_mean": 0.028721408918499947,
    "kl_stderr": 0.0005427758992930343,
    "tv_mean": 0.059767864644527435,
    "tv_stderr": 0.0005061678460397337,
    "num_eval_kl": 100
  },
  "checkpoint-7": {
    "kl_mean": 0.12894298136234283,
    "kl_stderr": 0.0020786469359763138,
    "tv_mean": 0.1327807456254959,
    "tv_stderr": 0.00104036663638363,
    "num_eval_kl": 100
  },
  "checkpoint-11": {
    "kl_mean": 0.18948087096214294,
    "kl_stderr": 0.003228318070813161,
    "tv_mean": 0.15057164430618286,
    "tv_stderr": 0.001241034205160734,
    "num_eval_kl": 100
  },
  "checkpoint-15": {
    "kl_mean": 0.24757292866706848,
    "kl_stderr": 0.004061922321577196,
    "tv_mean": 0.17030270397663116,
    "tv_stderr": 0.001390186774875495,
    "num_eval_kl": 100
  },
  "checkpoint-19": {
    "kl_mean": 0.2897225618362427,
    "kl_stderr": 0.004583099293719906,
    "tv_mean": 0.18468791246414185,
    "tv_stderr": 0.0014797856994868534,
    "num_eval_kl": 100
  },
  "checkpoint-23": {
    "kl_mean": 0.3017832934856415,
    "kl_stderr": 0.00474772098780809,
    "tv_mean": 0.1869240701198578,
    "tv_stderr": 0.0015000039374485146,
    "num_eval_kl": 100
  },
  "checkpoint-27": {
    "kl_mean": 0.3125908076763153,
    "kl_stderr": 0.004895628912876086,
    "tv_mean": 0.1888044774532318,
    "tv_stderr": 0.0015188003043048255,
    "num_eval_kl": 100
  },
  "checkpoint-31": {
    "kl_mean": 0.31841427087783813,
    "kl_stderr": 0.00503466290939568,
    "tv_mean": 0.1878298968076706,
    "tv_stderr": 0.0015270247229869228,
    "num_eval_kl": 100
  },
  "checkpoint-35": {
    "kl_mean": 0.32732832431793213,
    "kl_stderr": 0.005180153546757301,
    "tv_mean": 0.18926817178726196,
    "tv_stderr": 0.0015428807757708323,
    "num_eval_kl": 100
  },
  "checkpoint-39": {
    "kl_mean": 0.327576607465744,
    "kl_stderr": 0.005262263131204662,
    "tv_mean": 0.1866011619567871,
    "tv_stderr": 0.0015365843758497692,
    "num_eval_kl": 100
  },
  "checkpoint-42": {
    "kl_mean": 0.3264884054660797,
    "kl_stderr": 0.005258909609210736,
    "tv_mean": 0.18581856787204742,
    "tv_stderr": 0.0015329399631706538,
    "num_eval_kl": 100
  },
  "checkpoint-46": {
    "kl_mean": 0.3309612572193146,
    "kl_stderr": 0.005268649266041465,
    "tv_mean": 0.18678955733776093,
    "tv_stderr": 0.0015390362755950736,
    "num_eval_kl": 100
  },
  "checkpoint-50": {
    "kl_mean": 0.33915582299232483,
    "kl_stderr": 0.005374424084314976,
    "tv_mean": 0.1885751336812973,
    "tv_stderr": 0.0015503144589216144,
    "num_eval_kl": 100
  },
  "checkpoint-54": {
    "kl_mean": 0.3476426601409912,
    "kl_stderr": 0.005498208272868306,
    "tv_mean": 0.19075748324394226,
    "tv_stderr": 0.0015656783584236044,
    "num_eval_kl": 100
  },
  "checkpoint-58": {
    "kl_mean": 0.35307779908180237,
    "kl_stderr": 0.005570620504088073,
    "tv_mean": 0.1920715719461441,
    "tv_stderr": 0.001573490957938825,
    "num_eval_kl": 100
  },
  "checkpoint-60": {
    "kl_mean": 0.35378122329711914,
    "kl_stderr": 0.00557184389010599,
    "tv_mean": 0.1920960545539856,
    "tv_stderr": 0.0015740747690275356,
    "num_eval_kl": 100
  }
}