{
  "checkpoint-4": {
    "kl_mean": 0.0030127509962767363,
    "kl_stderr": 0.00011927423744917017,
    "tv_mean": 0.013944189995527267,
    "tv_stderr": 0.0001962505197896788,
    "num_eval_kl": 100
  },
  "checkpoint-8": {
    "kl_mean": 0.030071573331952095,
    "kl_stderr": 0.0009809651474326823,
    "tv_mean": 0.045896630734205246,
    "tv_stderr": 0.0006143315526946693,
    "num_eval_kl": 100
  },
  "checkpoint-12": {
    "kl_mean": 0.05283818766474724,
    "kl_stderr": 0.0013823490897603868,
    "tv_mean": 0.06247482821345329,
    "tv_stderr": 0.0007712641504059682,
    "num_eval_kl": 100
  },
  "checkpoint-16": {
    "kl_mean": 0.06898882985115051,
    "kl_stderr": 0.0015979430738282685,
    "tv_mean": 0.07362473756074905,
    "tv_stderr": 0.0008715503639902275,
    "num_eval_kl": 100
  },
  "checkpoint-20": {
    "kl_mean": 0.0856788158416748,
    "kl_stderr": 0.0019088496253569863,
    "tv_mean": 0.0820808932185173,
    "tv_stderr": 0.0009533304951867825,
    "num_eval_kl": 100
  },
  "checkpoint-24": {
    "kl_mean": 0.09963148832321167,
    "kl_stderr": 0.0022211227299302545,
    "tv_mean": 0.08730478584766388,
    "tv_stderr": 0.0010075713293711864,
    "num_eval_kl": 100
  },
  "checkpoint-28": {
    "kl_mean": 0.12529122829437256,
    "kl_stderr": 0.002733978228337694,
    "tv_mean": 0.09496527165174484,
    "tv_stderr": 0.0010828958048572019,
    "num_eval_kl": 100
  },
  "checkpoint-32": {
    "kl_mean": 0.13886119425296783,
    "kl_stderr": 0.0029910657932046515,
    "tv_mean": 0.09868409484624863,
    "tv_stderr": 0.0011167189725786355,
    "num_eval_kl": 100
  },
  "checkpoint-36": {
    "kl_mean": 0.15773385763168335,
    "kl_stderr": 0.003326164801823702,
    "tv_mean": 0.10318542271852493,
    "tv_stderr": 0.0011568524954635867,
    "num_eval_kl": 100
  },
  "checkpoint-40": {
    "kl_mean": 0.15511426329612732,
    "kl_stderr": 0.0032785434014230698,
    "tv_mean": 0.10290683060884476,
    "tv_stderr": 0.0011554026255735767,
    "num_eval_kl": 100
  },
  "checkpoint-44": {
    "kl_mean": 0.14932017028331757,
    "kl_stderr": 0.003168055185692773,
    "tv_mean": 0.10183154791593552,
    "tv_stderr": 0.001145088918382719,
    "num_eval_kl": 100
  },
  "checkpoint-48": {
    "kl_mean": 0.14648568630218506,
    "kl_stderr": 0.003107737597070159,
    "tv_mean": 0.10127782076597214,
    "tv_stderr": 0.0011387029733392479,
    "num_eval_kl": 100
  },
  "checkpoint-52": {
    "kl_mean": 0.14597772061824799,
    "kl_stderr": 0.0031035986311989325,
    "tv_mean": 0.10089629143476486,
    "tv_stderr": 0.001135492587148871,
    "num_eval_kl": 100
  },
  "checkpoint-56": {
    "kl_mean": 0.14410094916820526,
    "kl_stderr": 0.003079634511538563,
    "tv_mean": 0.10010869801044464,
    "tv_stderr": 0.0011282769451860298,
    "num_eval_kl": 100
  },
  "checkpoint-60": {
    "kl_mean": 0.14001543819904327,
    "kl_stderr": 0.0030028065253440224,
    "tv_mean": 0.09884041547775269,
    "tv_stderr": 0.001114558445832056,
    "num_eval_kl": 100
  },
  "checkpoint-64": {
    "kl_mean": 0.13965553045272827,
    "kl_stderr": 0.0029988729399762545,
    "tv_mean": 0.09862727671861649,
    "tv_stderr": 0.0011127278269170955,
    "num_eval_kl": 100
  },
  "checkpoint-68": {
    "kl_mean": 0.14027243852615356,
    "kl_stderr": 0.003021437247044894,
    "tv_mean": 0.09863220900297165,
    "tv_stderr": 0.0011132881998938168,
    "num_eval_kl": 100
  },
  "checkpoint-72": {
    "kl_mean": 0.14156033098697662,
    "kl_stderr": 0.0030602718558297277,
    "tv_mean": 0.0988040491938591,
    "tv_stderr": 0.0011164872755984523,
    "num_eval_kl": 100
  },
  "checkpoint-76": {
    "kl_mean": 0.14259642362594604,
    "kl_stderr": 0.003088197333139685,
    "tv_mean": 0.099027618765831,
    "tv_stderr": 0.0011190302311450922,
    "num_eval_kl": 100
  },
  "checkpoint-80": {
    "kl_mean": 0.14429621398448944,
    "kl_stderr": 0.0031317375519328773,
    "tv_mean": 0.09944610297679901,
    "tv_stderr": 0.001123024624371845,
    "num_eval_kl": 100
  },
  "checkpoint-84": {
    "kl_mean": 0.1461644023656845,
    "kl_stderr": 0.003163340168943798,
    "tv_mean": 0.09998494386672974,
    "tv_stderr": 0.0011287737106785828,
    "num_eval_kl": 100
  },
  "checkpoint-88": {
    "kl_mean": 0.14749319851398468,
    "kl_stderr": 0.0031963645476078867,
    "tv_mean": 0.10028750449419022,
    "tv_stderr": 0.0011327226379923563,
    "num_eval_kl": 100
  },
  "checkpoint-92": {
    "kl_mean": 0.14627605676651,
    "kl_stderr": 0.003168235257584573,
    "tv_mean": 0.10032715648412704,
    "tv_stderr": 0.0011322107545238124,
    "num_eval_kl": 100
  },
  "checkpoint-96": {
    "kl_mean": 0.13508684933185577,
    "kl_stderr": 0.002906554963596654,
    "tv_mean": 0.09802283346652985,
    "tv_stderr": 0.0011085973719064267,
    "num_eval_kl": 100
  },
  "checkpoint-100": {
    "kl_mean": 0.1298811286687851,
    "kl_stderr": 0.0027808793411711256,
    "tv_mean": 0.09729206562042236,
    "tv_stderr": 0.001099335763859513,
    "num_eval_kl": 100
  },
  "checkpoint-104": {
    "kl_mean": 0.1253526508808136,
    "kl_stderr": 0.002670909392054791,
    "tv_mean": 0.09636453539133072,
    "tv_stderr": 0.0010878962713898827,
    "num_eval_kl": 100
  },
  "checkpoint-108": {
    "kl_mean": 0.12640812993049622,
    "kl_stderr": 0.002677286938222712,
    "tv_mean": 0.096791110932827,
    "tv_stderr": 0.0010927909120906287,
    "num_eval_kl": 100
  },
  "checkpoint-112": {
    "kl_mean": 0.12841568887233734,
    "kl_stderr": 0.0027011186916044076,
    "tv_mean": 0.09719853103160858,
    "tv_stderr": 0.001096207350694508,
    "num_eval_kl": 100
  },
  "checkpoint-116": {
    "kl_mean": 0.1291942596435547,
    "kl_stderr": 0.0027052464589749003,
    "tv_mean": 0.09742327034473419,
    "tv_stderr": 0.0010960828233663477,
    "num_eval_kl": 100
  },
  "checkpoint-120": {
    "kl_mean": 0.12893067300319672,
    "kl_stderr": 0.0027072848100784734,
    "tv_mean": 0.0971916988492012,
    "tv_stderr": 0.0010937534232287021,
    "num_eval_kl": 100
  },
  "checkpoint-124": {
    "kl_mean": 0.13032589852809906,
    "kl_stderr": 0.0027359126573544574,
    "tv_mean": 0.09755613654851913,
    "tv_stderr": 0.0010983285707035118,
    "num_eval_kl": 100
  },
  "checkpoint-128": {
    "kl_mean": 0.13158054649829865,
    "kl_stderr": 0.0027631606253700177,
    "tv_mean": 0.0978289246559143,
    "tv_stderr": 0.0011000614267070658,
    "num_eval_kl": 100
  },
  "checkpoint-132": {
    "kl_mean": 0.13268260657787323,
    "kl_stderr": 0.0027892616429404183,
    "tv_mean": 0.09799552708864212,
    "tv_stderr": 0.0011031129061720294,
    "num_eval_kl": 100
  },
  "checkpoint-136": {
    "kl_mean": 0.13370820879936218,
    "kl_stderr": 0.0028082043548717348,
    "tv_mean": 0.09824720770120621,
    "tv_stderr": 0.0011053277456471678,
    "num_eval_kl": 100
  },
  "checkpoint-140": {
    "kl_mean": 0.13430903851985931,
    "kl_stderr": 0.002820970197768281,
    "tv_mean": 0.09832333773374557,
    "tv_stderr": 0.0011068861290092888,
    "num_eval_kl": 100
  },
  "checkpoint-144": {
    "kl_mean": 0.13490049540996552,
    "kl_stderr": 0.0028348108727652608,
    "tv_mean": 0.09846996515989304,
    "tv_stderr": 0.001107943491448578,
    "num_eval_kl": 100
  },
  "checkpoint-148": {
    "kl_mean": 0.1352265179157257,
    "kl_stderr": 0.002839781215330968,
    "tv_mean": 0.09849870949983597,
    "tv_stderr": 0.0011088068958551567,
    "num_eval_kl": 100
  },
  "checkpoint-152": {
    "kl_mean": 0.135461688041687,
    "kl_stderr": 0.002849866137151833,
    "tv_mean": 0.09858105331659317,
    "tv_stderr": 0.0011089987261727273,
    "num_eval_kl": 100
  },
  "checkpoint-156": {
    "kl_mean": 0.13597372174263,
    "kl_stderr": 0.0028556759193325482,
    "tv_mean": 0.09873698651790619,
    "tv_stderr": 0.0011109499529405914,
    "num_eval_kl": 100
  },
  "checkpoint-160": {
    "kl_mean": 0.1359637975692749,
    "kl_stderr": 0.002857249532655667,
    "tv_mean": 0.0986769050359726,
    "tv_stderr": 0.0011098436530530954,