{
  "checkpoint-391": {
    "kl_mean": 0.05742526426911354,
    "kl_stderr": 0.0008704900518829631,
    "tv_mean": 0.0761098563671112,
    "tv_stderr": 0.0005295304014056751,
    "num_eval_kl": 100
  },
  "checkpoint-782": {
    "kl_mean": 0.1865212619304657,
    "kl_stderr": 0.002042594840719143,
    "tv_mean": 0.14282436668872833,
    "tv_stderr": 0.0009001275853040414,
    "num_eval_kl": 100
  },
  "checkpoint-1173": {
    "kl_mean": 0.22739797830581665,
    "kl_stderr": 0.002403175967235293,
    "tv_mean": 0.1581081748008728,
    "tv_stderr": 0.0009773203198960593,
    "num_eval_kl": 100
  },
  "checkpoint-1564": {
    "kl_mean": 0.2937961220741272,
    "kl_stderr": 0.002878023698905532,
    "tv_mean": 0.18349693715572357,
    "tv_stderr": 0.0010880270358430812,
    "num_eval_kl": 100
  },
  "checkpoint-1955": {
    "kl_mean": 9.242170333862305,
    "kl_stderr": 0.03449830162470228,
    "tv_mean": 0.9294345378875732,
    "tv_stderr": 0.0008981589068112653,
    "num_eval_kl": 100
  },
  "checkpoint-2346": {
    "kl_mean": 7.267832279205322,
    "kl_stderr": 0.02863797670620389,
    "tv_mean": 0.8831703662872314,
    "tv_stderr": 0.0011653734204045293,
    "num_eval_kl": 100
  },
  "checkpoint-2737": {
    "kl_mean": 7.181886672973633,
    "kl_stderr": 0.028486552518801198,
    "tv_mean": 0.8823312520980835,
    "tv_stderr": 0.0011648022067482571,
    "num_eval_kl": 100
  },
  "checkpoint-3128": {
    "kl_mean": 8.19943618774414,
    "kl_stderr": 0.03064766198843084,
    "tv_mean": 0.9150236248970032,
    "tv_stderr": 0.0009825201623625006,
    "num_eval_kl": 100
  },
  "checkpoint-3519": {
    "kl_mean": 6.979286193847656,
    "kl_stderr": 0.028270010127621283,
    "tv_mean": 0.8797929286956787,
    "tv_stderr": 0.0011790612758983401,
    "num_eval_kl": 100
  },
  "checkpoint-3910": {
    "kl_mean": 6.975998878479004,
    "kl_stderr": 0.02821475980235885,
    "tv_mean": 0.8762339949607849,
    "tv_stderr": 0.001202163405813918,
    "num_eval_kl": 100
  },
  "checkpoint-4301": {
    "kl_mean": 6.754265785217285,
    "kl_stderr": 0.02770507775555745,
    "tv_mean": 0.8675863146781921,
    "tv_stderr": 0.0012471071696558212,
    "num_eval_kl": 100
  },
  "checkpoint-4692": {
    "kl_mean": 7.001023292541504,
    "kl_stderr": 0.028704671811659404,
    "tv_mean": 0.8662114143371582,
    "tv_stderr": 0.0012702055501448543,
    "num_eval_kl": 100
  },
  "checkpoint-5083": {
    "kl_mean": 8.372176170349121,
    "kl_stderr": 0.03102705620697089,
    "tv_mean": 0.9012010097503662,
    "tv_stderr": 0.0011340657852739,
    "num_eval_kl": 100
  },
  "checkpoint-5474": {
    "kl_mean": 8.032532691955566,
    "kl_stderr": 0.030477829187957637,
    "tv_mean": 0.8921433687210083,
    "tv_stderr": 0.0011802251285054268,
    "num_eval_kl": 100
  },
  "checkpoint-5865": {
    "kl_mean": 8.074301719665527,
    "kl_stderr": 0.030797602321148677,
    "tv_mean": 0.8894259333610535,
    "tv_stderr": 0.0012001964107371417,
    "num_eval_kl": 100
  },
  "checkpoint-6256": {
    "kl_mean": 7.777536869049072,
    "kl_stderr": 0.03281666331226722,
    "tv_mean": 0.8564627170562744,
    "tv_stderr": 0.0013862845056604714,
    "num_eval_kl": 100
  },
  "checkpoint-6647": {
    "kl_mean": 7.891315937042236,
    "kl_stderr": 0.03332179095360025,
    "tv_mean": 0.8591345548629761,
    "tv_stderr": 0.001385638379992211,
    "num_eval_kl": 100
  },
  "checkpoint-7038": {
    "kl_mean": 7.67212438583374,
    "kl_stderr": 0.03391753412351807,
    "tv_mean": 0.8460445404052734,
    "tv_stderr": 0.0014298383035189603,
    "num_eval_kl": 100
  },
  "checkpoint-7429": {
    "kl_mean": 8.058290481567383,
    "kl_stderr": 0.035834838432889975,
    "tv_mean": 0.8515062928199768,
    "tv_stderr": 0.001413390717050318,
    "num_eval_kl": 100
  },
  "checkpoint-7820": {
    "kl_mean": 8.13700008392334,
    "kl_stderr": 0.03524804736318309,
    "tv_mean": 0.8525421619415283,
    "tv_stderr": 0.0014240551574086124,
    "num_eval_kl": 100
  },
  "checkpoint-8211": {
    "kl_mean": 7.933975696563721,
    "kl_stderr": 0.03531618224843183,
    "tv_mean": 0.840248703956604,
    "tv_stderr": 0.0014814154150699843,
    "num_eval_kl": 100
  },
  "checkpoint-8602": {
    "kl_mean": 7.869030475616455,
    "kl_stderr": 0.03503731306327789,
    "tv_mean": 0.8371963500976562,
    "tv_stderr": 0.0014938933535734431,
    "num_eval_kl": 100
  },
  "checkpoint-8993": {
    "kl_mean": 7.846561431884766,
    "kl_stderr": 0.03496474130560513,
    "tv_mean": 0.8361371159553528,
    "tv_stderr": 0.0014989613539595418,
    "num_eval_kl": 100
  },
  "checkpoint-9384": {
    "kl_mean": 7.846203804016113,
    "kl_stderr": 0.03494505941788755,
    "tv_mean": 0.8363787531852722,
    "tv_stderr": 0.001497706902964106,
    "num_eval_kl": 100
  },
  "checkpoint-9775": {
    "kl_mean": 7.841160774230957,
    "kl_stderr": 0.03489710103858468,
    "tv_mean": 0.8361659646034241,
    "tv_stderr": 0.0014988937112439163,
    "num_eval_kl": 100
  },
  "checkpoint-10166": {
    "kl_mean": 7.8385114669799805,
    "kl_stderr": 0.03487426534751051,
    "tv_mean": 0.8360284566879272,
    "tv_stderr": 0.0014995817692743515,
    "num_eval_kl": 100
  },
  "checkpoint-10557": {
    "kl_mean": 7.844583034515381,
    "kl_stderr": 0.03486965952133525,
    "tv_mean": 0.8361856341362,
    "tv_stderr": 0.0014989475805559076,
    "num_eval_kl": 100
  },
  "checkpoint-10948": {
    "kl_mean": 7.842936038970947,
    "kl_stderr": 0.034861926826459395,
    "tv_mean": 0.8360018730163574,
    "tv_stderr": 0.001500340836852412,
    "num_eval_kl": 100
  },
  "checkpoint-11339": {
    "kl_mean": 7.843029975891113,
    "kl_stderr": 0.034827930393382646,
    "tv_mean": 0.8362075090408325,
    "tv_stderr": 0.0014991049034329734,
    "num_eval_kl": 100
  },
  "checkpoint-11730": {
    "kl_mean": 7.844503879547119,
    "kl_stderr": 0.03482591274278806,
    "tv_mean": 0.8361303210258484,
    "tv_stderr": 0.0015000854167339075,
    "num_eval_kl": 100
  }
}