{
  "checkpoint-7": {
    "kl_mean": 0.026786278933286667,
    "kl_stderr": 0.0008388647085599871,
    "tv_mean": 0.041221797466278076,
    "tv_stderr": 0.0005734110523706417,
    "num_eval_kl": 100
  },
  "checkpoint-14": {
    "kl_mean": 0.0690736323595047,
    "kl_stderr": 0.0026142960103917,
    "tv_mean": 0.06279514729976654,
    "tv_stderr": 0.000826252184589456,
    "num_eval_kl": 100
  },
  "checkpoint-21": {
    "kl_mean": 0.07786109298467636,
    "kl_stderr": 0.0027102620012572644,
    "tv_mean": 0.06895038485527039,
    "tv_stderr": 0.0008718671209679608,
    "num_eval_kl": 100
  },
  "checkpoint-28": {
    "kl_mean": 0.0927656814455986,
    "kl_stderr": 0.003092495976523517,
    "tv_mean": 0.07435547560453415,
    "tv_stderr": 0.0009356176917209894,
    "num_eval_kl": 100
  },
  "checkpoint-35": {
    "kl_mean": 0.11669246852397919,
    "kl_stderr": 0.003708305516974522,
    "tv_mean": 0.0816410630941391,
    "tv_stderr": 0.0010070843934271493,
    "num_eval_kl": 100
  },
  "checkpoint-42": {
    "kl_mean": 0.13372093439102173,
    "kl_stderr": 0.004123627816793972,
    "tv_mean": 0.08461790531873703,
    "tv_stderr": 0.0010272884021946462,
    "num_eval_kl": 100
  },
  "checkpoint-49": {
    "kl_mean": 0.1197938323020935,
    "kl_stderr": 0.00359577575167492,
    "tv_mean": 0.08179525285959244,
    "tv_stderr": 0.0009958784424924695,
    "num_eval_kl": 100
  },
  "checkpoint-56": {
    "kl_mean": 0.11481058597564697,
    "kl_stderr": 0.0034467540808550867,
    "tv_mean": 0.0804561972618103,
    "tv_stderr": 0.0009840544906856144,
    "num_eval_kl": 100
  },
  "checkpoint-63": {
    "kl_mean": 0.11919719725847244,
    "kl_stderr": 0.0035137409299765554,
    "tv_mean": 0.0814494788646698,
    "tv_stderr": 0.0009898174141925087,
    "num_eval_kl": 100
  },
  "checkpoint-70": {
    "kl_mean": 0.11669739335775375,
    "kl_stderr": 0.0036165772775057126,
    "tv_mean": 0.0796312764286995,
    "tv_stderr": 0.0009795409705639871,
    "num_eval_kl": 100
  },
  "checkpoint-77": {
    "kl_mean": 0.10939060151576996,
    "kl_stderr": 0.003393174538384347,
    "tv_mean": 0.07753735035657883,
    "tv_stderr": 0.0009550185826413768,
    "num_eval_kl": 100
  },
  "checkpoint-84": {
    "kl_mean": 0.12335982918739319,
    "kl_stderr": 0.003814916333159163,
    "tv_mean": 0.08055815100669861,
    "tv_stderr": 0.0009830787858530453,
    "num_eval_kl": 100
  },
  "checkpoint-91": {
    "kl_mean": 0.12631560862064362,
    "kl_stderr": 0.0038372602462160687,
    "tv_mean": 0.08181682974100113,
    "tv_stderr": 0.0009945352276207876,
    "num_eval_kl": 100
  },
  "checkpoint-98": {
    "kl_mean": 0.11803863942623138,
    "kl_stderr": 0.003562280365898442,
    "tv_mean": 0.08093126118183136,
    "tv_stderr": 0.0009894865135139479,
    "num_eval_kl": 100
  },
  "checkpoint-105": {
    "kl_mean": 0.12671001255512238,
    "kl_stderr": 0.003706871650352902,
    "tv_mean": 0.08397835493087769,
    "tv_stderr": 0.001015444075535341,
    "num_eval_kl": 100
  },
  "checkpoint-112": {
    "kl_mean": 0.12904086709022522,
    "kl_stderr": 0.0036848171255746457,
    "tv_mean": 0.08556792885065079,
    "tv_stderr": 0.001029790913483808,
    "num_eval_kl": 100
  },
  "checkpoint-119": {
    "kl_mean": 0.12922215461730957,
    "kl_stderr": 0.003621226230470096,
    "tv_mean": 0.0860377848148346,
    "tv_stderr": 0.0010346861079804758,
    "num_eval_kl": 100
  },
  "checkpoint-126": {
    "kl_mean": 0.12883254885673523,
    "kl_stderr": 0.003572704009664183,
    "tv_mean": 0.08613194525241852,
    "tv_stderr": 0.0010350769346956544,
    "num_eval_kl": 100
  },
  "checkpoint-133": {
    "kl_mean": 0.11034532636404037,
    "kl_stderr": 0.0030733046088184317,
    "tv_mean": 0.08206295967102051,
    "tv_stderr": 0.0009977420332748547,
    "num_eval_kl": 100
  },
  "checkpoint-140": {
    "kl_mean": 0.1131870448589325,
    "kl_stderr": 0.0031427301207609566,
    "tv_mean": 0.08269976824522018,
    "tv_stderr": 0.0010031468169956349,
    "num_eval_kl": 100
  },
  "checkpoint-147": {
    "kl_mean": 0.11060196906328201,
    "kl_stderr": 0.003094230998718249,
    "tv_mean": 0.08180289715528488,
    "tv_stderr": 0.0009937260082135862,
    "num_eval_kl": 100
  },
  "checkpoint-154": {
    "kl_mean": 0.1141098216176033,
    "kl_stderr": 0.0031959291873773876,
    "tv_mean": 0.082570381462574,
    "tv_stderr": 0.0010022437861020186,
    "num_eval_kl": 100
  },
  "checkpoint-161": {
    "kl_mean": 0.11900706589221954,
    "kl_stderr": 0.0033244639985368883,
    "tv_mean": 0.08363568037748337,
    "tv_stderr": 0.001012175927411063,
    "num_eval_kl": 100
  },
  "checkpoint-168": {
    "kl_mean": 0.12170106172561646,
    "kl_stderr": 0.00341095622779532,
    "tv_mean": 0.08406610041856766,
    "tv_stderr": 0.0010170736279056258,
    "num_eval_kl": 100
  },
  "checkpoint-175": {
    "kl_mean": 0.12290673702955246,
    "kl_stderr": 0.003444074842236117,
    "tv_mean": 0.0843663439154625,
    "tv_stderr": 0.001020241862983397,
    "num_eval_kl": 100
  },
  "checkpoint-182": {
    "kl_mean": 0.12320279330015182,
    "kl_stderr": 0.003447724010996854,
    "tv_mean": 0.0844230204820633,
    "tv_stderr": 0.001020447790636502,
    "num_eval_kl": 100
  },
  "checkpoint-189": {
    "kl_mean": 0.12352703511714935,
    "kl_stderr": 0.0034646455983477153,
    "tv_mean": 0.08442128449678421,
    "tv_stderr": 0.001020068513302926,
    "num_eval_kl": 100
  },
  "checkpoint-196": {
    "kl_mean": 0.12408772110939026,
    "kl_stderr": 0.003475212846688479,
    "tv_mean": 0.08455175906419754,
    "tv_stderr": 0.001021644023283825,
    "num_eval_kl": 100
  },
  "checkpoint-200": {
    "kl_mean": 0.123954176902771,
    "kl_stderr": 0.0034723124265161743,
    "tv_mean": 0.08446690440177917,
    "tv_stderr": 0.0010214080236559807,
    "num_eval_kl": 100
  }
}