{
  "checkpoint-4": {
    "kl_mean": 0.023042473942041397,
    "kl_stderr": 0.0005025800144692182,
    "tv_mean": 0.05030610039830208,
    "tv_stderr": 0.0004738416622860326,
    "num_eval_kl": 100
  },
  "checkpoint-8": {
    "kl_mean": 0.08437613397836685,
    "kl_stderr": 0.001536496755319038,
    "tv_mean": 0.10219592601060867,
    "tv_stderr": 0.0008873926387876752,
    "num_eval_kl": 100
  },
  "checkpoint-12": {
    "kl_mean": 0.1991720348596573,
    "kl_stderr": 0.003608260631139805,
    "tv_mean": 0.15515241026878357,
    "tv_stderr": 0.0012938512196952485,
    "num_eval_kl": 100
  },
  "checkpoint-16": {
    "kl_mean": 0.24597343802452087,
    "kl_stderr": 0.004332805033792367,
    "tv_mean": 0.17109964787960052,
    "tv_stderr": 0.0014115327319457706,
    "num_eval_kl": 100
  },
  "checkpoint-20": {
    "kl_mean": 0.28152719140052795,
    "kl_stderr": 0.004810062365985317,
    "tv_mean": 0.1825939267873764,
    "tv_stderr": 0.0014892351212646025,
    "num_eval_kl": 100
  },
  "checkpoint-24": {
    "kl_mean": 0.3128378689289093,
    "kl_stderr": 0.0051740395233727645,
    "tv_mean": 0.19371522963047028,
    "tv_stderr": 0.0015518930712933453,
    "num_eval_kl": 100
  },
  "checkpoint-28": {
    "kl_mean": 0.32586944103240967,
    "kl_stderr": 0.005377799480585809,
    "tv_mean": 0.19619323313236237,
    "tv_stderr": 0.001578640479341512,
    "num_eval_kl": 100
  },
  "checkpoint-32": {
    "kl_mean": 0.3361760675907135,
    "kl_stderr": 0.005622684359862513,
    "tv_mean": 0.19585055112838745,
    "tv_stderr": 0.0015959287164197592,
    "num_eval_kl": 100
  },
  "checkpoint-36": {
    "kl_mean": 0.3450116217136383,
    "kl_stderr": 0.005759933431423942,
    "tv_mean": 0.1975281536579132,
    "tv_stderr": 0.0016125354708057863,
    "num_eval_kl": 100
  },
  "checkpoint-40": {
    "kl_mean": 0.3509145975112915,
    "kl_stderr": 0.0059481139099304805,
    "tv_mean": 0.19492357969284058,
    "tv_stderr": 0.001621759441707372,
    "num_eval_kl": 100
  },
  "checkpoint-44": {
    "kl_mean": 0.34938380122184753,
    "kl_stderr": 0.006001001225434609,
    "tv_mean": 0.19224105775356293,
    "tv_stderr": 0.0016165677668502844,
    "num_eval_kl": 100
  },
  "checkpoint-48": {
    "kl_mean": 0.35611581802368164,
    "kl_stderr": 0.006132469915824724,
    "tv_mean": 0.19300025701522827,
    "tv_stderr": 0.001625622697887516,
    "num_eval_kl": 100
  },
  "checkpoint-52": {
    "kl_mean": 0.37303492426872253,
    "kl_stderr": 0.0062969139817075455,
    "tv_mean": 0.19684739410877228,
    "tv_stderr": 0.0016496469997403708,
    "num_eval_kl": 100
  },
  "checkpoint-56": {
    "kl_mean": 0.38832464814186096,
    "kl_stderr": 0.006513969858534084,
    "tv_mean": 0.20061831176280975,
    "tv_stderr": 0.0016720947549919982,
    "num_eval_kl": 100
  },
  "checkpoint-60": {
    "kl_mean": 0.38984790444374084,
    "kl_stderr": 0.006472742382722383,
    "tv_mean": 0.20196151733398438,
    "tv_stderr": 0.0016756000507910061,
    "num_eval_kl": 100
  },
  "checkpoint-64": {
    "kl_mean": 0.397408127784729,
    "kl_stderr": 0.006481689762689107,
    "tv_mean": 0.20473270118236542,
    "tv_stderr": 0.001689051865138014,
    "num_eval_kl": 100
  },
  "checkpoint-68": {
    "kl_mean": 0.395219624042511,
    "kl_stderr": 0.006407712442720432,
    "tv_mean": 0.20552745461463928,
    "tv_stderr": 0.0016884405622352365,
    "num_eval_kl": 100
  },
  "checkpoint-72": {
    "kl_mean": 0.3922103941440582,
    "kl_stderr": 0.006328575713215823,
    "tv_mean": 0.20524948835372925,
    "tv_stderr": 0.001684594362133951,
    "num_eval_kl": 100
  },
  "checkpoint-76": {
    "kl_mean": 0.38591474294662476,
    "kl_stderr": 0.0062554796602006454,
    "tv_mean": 0.20335403084754944,
    "tv_stderr": 0.0016737207316306812,
    "num_eval_kl": 100
  },
  "checkpoint-80": {
    "kl_mean": 0.3769669234752655,
    "kl_stderr": 0.006190079049236499,
    "tv_mean": 0.2002192735671997,
    "tv_stderr": 0.0016579397304637784,
    "num_eval_kl": 100
  },
  "checkpoint-84": {
    "kl_mean": 0.3752038776874542,
    "kl_stderr": 0.006096355787272297,
    "tv_mean": 0.2010601907968521,
    "tv_stderr": 0.0016578227279355588,
    "num_eval_kl": 100
  },
  "checkpoint-88": {
    "kl_mean": 0.372150182723999,
    "kl_stderr": 0.006013751785074415,
    "tv_mean": 0.20112790167331696,
    "tv_stderr": 0.0016535685942284568,
    "num_eval_kl": 100
  },
  "checkpoint-92": {
    "kl_mean": 0.3750263452529907,
    "kl_stderr": 0.00606407656052688,
    "tv_mean": 0.20254969596862793,
    "tv_stderr": 0.0016585373450484912,
    "num_eval_kl": 100
  },
  "checkpoint-96": {
    "kl_mean": 0.38170820474624634,
    "kl_stderr": 0.006180928734522594,
    "tv_mean": 0.2041407972574234,
    "tv_stderr": 0.0016673902104381011,
    "num_eval_kl": 100
  },
  "checkpoint-100": {
    "kl_mean": 0.3858506977558136,
    "kl_stderr": 0.006267982961015727,
    "tv_mean": 0.20434074103832245,
    "tv_stderr": 0.0016729532080820547,
    "num_eval_kl": 100
  },
  "checkpoint-104": {
    "kl_mean": 0.3858533203601837,
    "kl_stderr": 0.0062925150342863145,
    "tv_mean": 0.20388643443584442,
    "tv_stderr": 0.0016727044283331013,
    "num_eval_kl": 100
  },
  "checkpoint-108": {
    "kl_mean": 0.38723427057266235,
    "kl_stderr": 0.006322528953029472,
    "tv_mean": 0.2038877159357071,
    "tv_stderr": 0.001674640456239694,
    "num_eval_kl": 100
  },
  "checkpoint-112": {
    "kl_mean": 0.39121881127357483,
    "kl_stderr": 0.006394350036990624,
    "tv_mean": 0.2044244259595871,
    "tv_stderr": 0.0016809748883802925,
    "num_eval_kl": 100
  },
  "checkpoint-116": {
    "kl_mean": 0.39063066244125366,
    "kl_stderr": 0.006384511395425467,
    "tv_mean": 0.2038453221321106,
    "tv_stderr": 0.0016802601626299152,
    "num_eval_kl": 100
  },
  "checkpoint-120": {
    "kl_mean": 0.39125025272369385,
    "kl_stderr": 0.0063965497279761295,
    "tv_mean": 0.2037218064069748,
    "tv_stderr": 0.0016807802100789282,
    "num_eval_kl": 100
  }
}