{
  "checkpoint-2": {
    "kl_mean": 0.0004893278237432241,
    "kl_stderr": 7.4482507765289785e-06,
    "tv_mean": 0.00695719663053751,
    "tv_stderr": 6.144372710387589e-05,
    "num_eval_kl": 100
  },
  "checkpoint-4": {
    "kl_mean": 0.0004625758156180382,
    "kl_stderr": 7.364718983157189e-06,
    "tv_mean": 0.006869634613394737,
    "tv_stderr": 6.079460237392225e-05,
    "num_eval_kl": 100
  },
  "checkpoint-6": {
    "kl_mean": 0.0004876533639617264,
    "kl_stderr": 7.408774365122788e-06,
    "tv_mean": 0.006963272113353014,
    "tv_stderr": 6.148920309690211e-05,
    "num_eval_kl": 100
  },
  "checkpoint-8": {
    "kl_mean": 0.00048193702241405845,
    "kl_stderr": 7.422864032199382e-06,
    "tv_mean": 0.00693385349586606,
    "tv_stderr": 6.122010073016824e-05,
    "num_eval_kl": 100
  },
  "checkpoint-10": {
    "kl_mean": 0.00048591665108688176,
    "kl_stderr": 7.471268237513026e-06,
    "tv_mean": 0.006992129608988762,
    "tv_stderr": 6.125948330178885e-05,
    "num_eval_kl": 100
  },
  "checkpoint-12": {
    "kl_mean": 0.000489447673317045,
    "kl_stderr": 7.4828153258736105e-06,
    "tv_mean": 0.006974332965910435,
    "tv_stderr": 6.155432927802232e-05,
    "num_eval_kl": 100
  },
  "checkpoint-14": {
    "kl_mean": 0.0004992489120922983,
    "kl_stderr": 7.406316721687162e-06,
    "tv_mean": 0.00704781012609601,
    "tv_stderr": 6.157073000667968e-05,
    "num_eval_kl": 100
  },
  "checkpoint-16": {
    "kl_mean": 0.0005106693133711815,
    "kl_stderr": 7.610027827030596e-06,
    "tv_mean": 0.0071656908839941025,
    "tv_stderr": 6.268666999701448e-05,
    "num_eval_kl": 100
  },
  "checkpoint-18": {
    "kl_mean": 0.0005283444770611823,
    "kl_stderr": 7.67859731181604e-06,
    "tv_mean": 0.007262473460286856,
    "tv_stderr": 6.341965598703238e-05,
    "num_eval_kl": 100
  },
  "checkpoint-20": {
    "kl_mean": 0.0005439398810267448,
    "kl_stderr": 7.940130164166656e-06,
    "tv_mean": 0.007373275700956583,
    "tv_stderr": 6.388947960024778e-05,
    "num_eval_kl": 100
  },
  "checkpoint-22": {
    "kl_mean": 0.0006202909862622619,
    "kl_stderr": 9.2748778209712e-06,
    "tv_mean": 0.007763870991766453,
    "tv_stderr": 6.769029503956054e-05,
    "num_eval_kl": 100
  },
  "checkpoint-24": {
    "kl_mean": 0.0006705824052914977,
    "kl_stderr": 1.1231677772068953e-05,
    "tv_mean": 0.008182046003639698,
    "tv_stderr": 7.119508088840998e-05,
    "num_eval_kl": 100
  },
  "checkpoint-26": {
    "kl_mean": 0.0007871880661696196,
    "kl_stderr": 1.4788787178444595e-05,
    "tv_mean": 0.008684447035193443,
    "tv_stderr": 7.686836855967609e-05,
    "num_eval_kl": 100
  },
  "checkpoint-28": {
    "kl_mean": 0.0009177617030218244,
    "kl_stderr": 1.939958517929106e-05,
    "tv_mean": 0.009271076880395412,
    "tv_stderr": 8.329531163241868e-05,
    "num_eval_kl": 100
  },
  "checkpoint-30": {
    "kl_mean": 0.0010483837686479092,
    "kl_stderr": 2.5032169672318974e-05,
    "tv_mean": 0.00977795198559761,
    "tv_stderr": 8.993284488325387e-05,
    "num_eval_kl": 100
  },
  "checkpoint-32": {
    "kl_mean": 0.0012055090628564358,
    "kl_stderr": 3.1313040501887715e-05,
    "tv_mean": 0.010451162233948708,
    "tv_stderr": 9.764859042084687e-05,
    "num_eval_kl": 100
  },
  "checkpoint-34": {
    "kl_mean": 0.0014089671894907951,
    "kl_stderr": 3.829015048339341e-05,
    "tv_mean": 0.011274593882262707,
    "tv_stderr": 0.00010608546936707256,
    "num_eval_kl": 100
  },
  "checkpoint-36": {
    "kl_mean": 0.0016023979987949133,
    "kl_stderr": 4.3269511434227205e-05,
    "tv_mean": 0.011940515600144863,
    "tv_stderr": 0.00011411998523148976,
    "num_eval_kl": 100
  },
  "checkpoint-38": {
    "kl_mean": 0.0019063217332586646,
    "kl_stderr": 5.240570912126571e-05,
    "tv_mean": 0.01292360294610262,
    "tv_stderr": 0.00012474091737598564,
    "num_eval_kl": 100
  },
  "checkpoint-40": {
    "kl_mean": 0.002225711941719055,
    "kl_stderr": 6.23346214793663e-05,
    "tv_mean": 0.013924729079008102,
    "tv_stderr": 0.00013529001071236325,
    "num_eval_kl": 100
  },
  "checkpoint-42": {
    "kl_mean": 0.002602531109005213,
    "kl_stderr": 7.387742471806296e-05,
    "tv_mean": 0.015008172020316124,
    "tv_stderr": 0.00014669752026895153,
    "num_eval_kl": 100
  },
  "checkpoint-44": {
    "kl_mean": 0.0029386996757239103,
    "kl_stderr": 8.232116972276099e-05,
    "tv_mean": 0.01586732268333435,
    "tv_stderr": 0.00015605137146159327,
    "num_eval_kl": 100
  },
  "checkpoint-46": {
    "kl_mean": 0.0032309736125171185,
    "kl_stderr": 8.738565226362602e-05,
    "tv_mean": 0.016662808135151863,
    "tv_stderr": 0.00016324643085225966,
    "num_eval_kl": 100
  },
  "checkpoint-48": {
    "kl_mean": 0.0035281889140605927,
    "kl_stderr": 9.225567137028039e-05,
    "tv_mean": 0.017474396154284477,
    "tv_stderr": 0.00017000241320120965,
    "num_eval_kl": 100
  },
  "checkpoint-50": {
    "kl_mean": 0.003932550083845854,
    "kl_stderr": 0.00010232072128359768,
    "tv_mean": 0.01844002678990364,
    "tv_stderr": 0.0001789168695297955,
    "num_eval_kl": 100
  },
  "checkpoint-52": {
    "kl_mean": 0.004312855191528797,
    "kl_stderr": 0.00010883488466975131,
    "tv_mean": 0.0192636139690876,
    "tv_stderr": 0.00018703686864414746,
    "num_eval_kl": 100
  },
  "checkpoint-54": {
    "kl_mean": 0.004818770568817854,
    "kl_stderr": 0.00012798624512219643,
    "tv_mean": 0.02026788517832756,
    "tv_stderr": 0.0001975563058684323,
    "num_eval_kl": 100
  },
  "checkpoint-56": {
    "kl_mean": 0.00524081289768219,
    "kl_stderr": 0.00014625015792762606,
    "tv_mean": 0.021024877205491066,
    "tv_stderr": 0.00020616043608097276,
    "num_eval_kl": 100
  },
  "checkpoint-58": {
    "kl_mean": 0.005613553337752819,
    "kl_stderr": 0.000159431094219849,
    "tv_mean": 0.021650835871696472,
    "tv_stderr": 0.0002133744771368811,
    "num_eval_kl": 100
  },
  "checkpoint-60": {
    "kl_mean": 0.005952653009444475,
    "kl_stderr": 0.00017351108415417473,
    "tv_mean": 0.022186430171132088,
    "tv_stderr": 0.00022010571318091404,
    "num_eval_kl": 100
  },
  "checkpoint-62": {
    "kl_mean": 0.00622627092525363,
    "kl_stderr": 0.0001853303161125003,
    "tv_mean": 0.02262762188911438,
    "tv_stderr": 0.00022466718707256334,
    "num_eval_kl": 100
  },
  "checkpoint-64": {
    "kl_mean": 0.006397810764610767,
    "kl_stderr": 0.00019497488707065748,
    "tv_mean": 0.02290700189769268,
    "tv_stderr": 0.00022765971454617848,
    "num_eval_kl": 100
  }
}