{
  "checkpoint-4": {
    "kl_mean": 0.05523502454161644,
    "kl_stderr": 0.0014317717096557412,
    "tv_mean": 0.06577425450086594,
    "tv_stderr": 0.0006064012029709903,
    "num_eval_kl": 100
  },
  "checkpoint-8": {
    "kl_mean": 0.34068477153778076,
    "kl_stderr": 0.0070378714453842965,
    "tv_mean": 0.16098308563232422,
    "tv_stderr": 0.0012074297453556963,
    "num_eval_kl": 100
  },
  "checkpoint-12": {
    "kl_mean": 0.5252753496170044,
    "kl_stderr": 0.010245254357972411,
    "tv_mean": 0.20012490451335907,
    "tv_stderr": 0.001374463217732818,
    "num_eval_kl": 100
  },
  "checkpoint-16": {
    "kl_mean": 0.6238682270050049,
    "kl_stderr": 0.011511787161113564,
    "tv_mean": 0.22385942935943604,
    "tv_stderr": 0.001454485521352627,
    "num_eval_kl": 100
  },
  "checkpoint-20": {
    "kl_mean": 0.6828384399414062,
    "kl_stderr": 0.012129953596855663,
    "tv_mean": 0.23719394207000732,
    "tv_stderr": 0.001499164145191567,
    "num_eval_kl": 100
  },
  "checkpoint-24": {
    "kl_mean": 0.7187494039535522,
    "kl_stderr": 0.012531956570523434,
    "tv_mean": 0.24352024495601654,
    "tv_stderr": 0.0015244098955410742,
    "num_eval_kl": 100
  },
  "checkpoint-28": {
    "kl_mean": 0.7311174273490906,
    "kl_stderr": 0.012712883858264806,
    "tv_mean": 0.2436957210302353,
    "tv_stderr": 0.001531762391958516,
    "num_eval_kl": 100
  },
  "checkpoint-32": {
    "kl_mean": 0.7388781309127808,
    "kl_stderr": 0.012919359023735172,
    "tv_mean": 0.24104829132556915,
    "tv_stderr": 0.0015350925332863316,
    "num_eval_kl": 100
  },
  "checkpoint-36": {
    "kl_mean": 0.7252011895179749,
    "kl_stderr": 0.012708425920756904,
    "tv_mean": 0.23638372123241425,
    "tv_stderr": 0.001526811412223968,
    "num_eval_kl": 100
  },
  "checkpoint-40": {
    "kl_mean": 0.7491779327392578,
    "kl_stderr": 0.012688301170513333,
    "tv_mean": 0.24321074783802032,
    "tv_stderr": 0.001551236548887979,
    "num_eval_kl": 100
  },
  "checkpoint-44": {
    "kl_mean": 0.7849161028862,
    "kl_stderr": 0.01298814228994042,
    "tv_mean": 0.24870134890079498,
    "tv_stderr": 0.0015764177622679698,
    "num_eval_kl": 100
  },
  "checkpoint-48": {
    "kl_mean": 0.8237852454185486,
    "kl_stderr": 0.013477109419795021,
    "tv_mean": 0.2518055737018585,
    "tv_stderr": 0.0015989035882735874,
    "num_eval_kl": 100
  },
  "checkpoint-52": {
    "kl_mean": 0.8377897143363953,
    "kl_stderr": 0.013709220084989546,
    "tv_mean": 0.2520166039466858,
    "tv_stderr": 0.0016057894975667708,
    "num_eval_kl": 100
  },
  "checkpoint-56": {
    "kl_mean": 0.8384276032447815,
    "kl_stderr": 0.013722662647078693,
    "tv_mean": 0.2511344850063324,
    "tv_stderr": 0.0016052305703399142,
    "num_eval_kl": 100
  },
  "checkpoint-60": {
    "kl_mean": 0.8434136509895325,
    "kl_stderr": 0.013779847457185362,
    "tv_mean": 0.25100457668304443,
    "tv_stderr": 0.0016072746903848332,
    "num_eval_kl": 100
  },
  "checkpoint-64": {
    "kl_mean": 0.8498687148094177,
    "kl_stderr": 0.013881370344876683,
    "tv_mean": 0.25127971172332764,
    "tv_stderr": 0.0016097697266971827,
    "num_eval_kl": 100
  },
  "checkpoint-68": {
    "kl_mean": 0.8553279638290405,
    "kl_stderr": 0.013915595496188492,
    "tv_mean": 0.2519829571247101,
    "tv_stderr": 0.0016127202288805582,
    "num_eval_kl": 100
  },
  "checkpoint-72": {
    "kl_mean": 0.8571958541870117,
    "kl_stderr": 0.013919719122084069,
    "tv_mean": 0.25219520926475525,
    "tv_stderr": 0.0016144472247045113,
    "num_eval_kl": 100
  },
  "checkpoint-76": {
    "kl_mean": 0.8576978445053101,
    "kl_stderr": 0.01391836839532782,
    "tv_mean": 0.2522158920764923,
    "tv_stderr": 0.001614846073286353,
    "num_eval_kl": 100
  },
  "checkpoint-80": {
    "kl_mean": 0.8581586480140686,
    "kl_stderr": 0.013926507804663386,
    "tv_mean": 0.25222286581993103,
    "tv_stderr": 0.001615130002251458,
    "num_eval_kl": 100
  },
  "checkpoint-84": {
    "kl_mean": 0.8579559326171875,
    "kl_stderr": 0.013921143990528536,
    "tv_mean": 0.252086877822876,
    "tv_stderr": 0.0016147709205751146,
    "num_eval_kl": 100
  },
  "checkpoint-88": {
    "kl_mean": 0.8580264449119568,
    "kl_stderr": 0.01391363411152747,
    "tv_mean": 0.2521694302558899,
    "tv_stderr": 0.0016152880588504303,
    "num_eval_kl": 100
  },
  "checkpoint-92": {
    "kl_mean": 0.8583763837814331,
    "kl_stderr": 0.01391923113497253,
    "tv_mean": 0.25220179557800293,
    "tv_stderr": 0.0016153025501804,
    "num_eval_kl": 100
  },
  "checkpoint-96": {
    "kl_mean": 0.8580966591835022,
    "kl_stderr": 0.013919895714105096,
    "tv_mean": 0.25206488370895386,
    "tv_stderr": 0.0016147736166365041,
    "num_eval_kl": 100
  },
  "checkpoint-100": {
    "kl_mean": 0.8579707741737366,
    "kl_stderr": 0.013920314951651198,
    "tv_mean": 0.2520653307437897,
    "tv_stderr": 0.001615311986395264,
    "num_eval_kl": 100
  }
}