{
  "checkpoint-79": {
    "kl_mean": 0.02222651243209839,
    "kl_stderr": 0.0008847176188755088,
    "tv_mean": 0.038571394979953766,
    "tv_stderr": 0.0004035868512470682,
    "num_eval_kl": 100
  },
  "checkpoint-158": {
    "kl_mean": 0.024417659267783165,
    "kl_stderr": 0.0008866348109025082,
    "tv_mean": 0.04186477139592171,
    "tv_stderr": 0.00041998665931558624,
    "num_eval_kl": 100
  },
  "checkpoint-237": {
    "kl_mean": 0.03708118200302124,
    "kl_stderr": 0.0009239313720368837,
    "tv_mean": 0.0559595488011837,
    "tv_stderr": 0.0005131296468201899,
    "num_eval_kl": 100
  },
  "checkpoint-316": {
    "kl_mean": 0.0399826243519783,
    "kl_stderr": 0.0010611972184775798,
    "tv_mean": 0.05653301626443863,
    "tv_stderr": 0.0005272603787349257,
    "num_eval_kl": 100
  },
  "checkpoint-395": {
    "kl_mean": 0.04916796088218689,
    "kl_stderr": 0.0011565551427443403,
    "tv_mean": 0.06384291499853134,
    "tv_stderr": 0.0005747848572925263,
    "num_eval_kl": 100
  },
  "checkpoint-474": {
    "kl_mean": 0.07161179929971695,
    "kl_stderr": 0.0015508657024089962,
    "tv_mean": 0.07742574065923691,
    "tv_stderr": 0.0006747025457859375,
    "num_eval_kl": 100
  },
  "checkpoint-553": {
    "kl_mean": 0.09678932279348373,
    "kl_stderr": 0.0019093149427868998,
    "tv_mean": 0.08958996087312698,
    "tv_stderr": 0.000763645017901437,
    "num_eval_kl": 100
  },
  "checkpoint-632": {
    "kl_mean": 0.13253718614578247,
    "kl_stderr": 0.0026389966325755217,
    "tv_mean": 0.09973947703838348,
    "tv_stderr": 0.0008477327428216649,
    "num_eval_kl": 100
  },
  "checkpoint-711": {
    "kl_mean": 0.14915132522583008,
    "kl_stderr": 0.002821331966310819,
    "tv_mean": 0.10404948145151138,
    "tv_stderr": 0.0008774327801536289,
    "num_eval_kl": 100
  },
  "checkpoint-790": {
    "kl_mean": 0.16651158034801483,
    "kl_stderr": 0.003094832424335049,
    "tv_mean": 0.10754790157079697,
    "tv_stderr": 0.0008997727535037704,
    "num_eval_kl": 100
  },
  "checkpoint-869": {
    "kl_mean": 0.1754589080810547,
    "kl_stderr": 0.0032613867610562283,
    "tv_mean": 0.109086774289608,
    "tv_stderr": 0.000908335106517753,
    "num_eval_kl": 100
  },
  "checkpoint-948": {
    "kl_mean": 0.179286390542984,
    "kl_stderr": 0.0033238907106065067,
    "tv_mean": 0.10979589819908142,
    "tv_stderr": 0.0009139319359975869,
    "num_eval_kl": 100
  },
  "checkpoint-1027": {
    "kl_mean": 0.18047592043876648,
    "kl_stderr": 0.0033478312810959403,
    "tv_mean": 0.11000250279903412,
    "tv_stderr": 0.0009146866435006011,
    "num_eval_kl": 100
  },
  "checkpoint-1106": {
    "kl_mean": 0.18115830421447754,
    "kl_stderr": 0.003358417176067354,
    "tv_mean": 0.11015696823596954,
    "tv_stderr": 0.0009158170389276878,
    "num_eval_kl": 100
  },
  "checkpoint-1185": {
    "kl_mean": 0.18189279735088348,
    "kl_stderr": 0.003375842081734065,
    "tv_mean": 0.11020206660032272,
    "tv_stderr": 0.0009163349359096005,
    "num_eval_kl": 100
  },
  "checkpoint-1264": {
    "kl_mean": 0.1824657917022705,
    "kl_stderr": 0.003384189806034365,
    "tv_mean": 0.11032316088676453,
    "tv_stderr": 0.0009169201673899233,
    "num_eval_kl": 100
  },
  "checkpoint-1343": {
    "kl_mean": 0.18290069699287415,
    "kl_stderr": 0.0033967224395509603,
    "tv_mean": 0.11038044095039368,
    "tv_stderr": 0.0009175722073178875,
    "num_eval_kl": 100
  },
  "checkpoint-1422": {
    "kl_mean": 0.1834341138601303,
    "kl_stderr": 0.0034039409082008395,
    "tv_mean": 0.11045943200588226,
    "tv_stderr": 0.0009182742220688906,
    "num_eval_kl": 100
  },
  "checkpoint-1501": {
    "kl_mean": 0.1838868409395218,
    "kl_stderr": 0.003408621707941885,
    "tv_mean": 0.11050672084093094,
    "tv_stderr": 0.000918796327456954,
    "num_eval_kl": 100
  },
  "checkpoint-1580": {
    "kl_mean": 0.18412338197231293,
    "kl_stderr": 0.0034121034626305117,
    "tv_mean": 0.11056725680828094,
    "tv_stderr": 0.0009188656784833114,
    "num_eval_kl": 100
  },
  "checkpoint-1659": {
    "kl_mean": 0.18412841856479645,
    "kl_stderr": 0.003408981175967252,
    "tv_mean": 0.11057618260383606,
    "tv_stderr": 0.0009186720041252539,
    "num_eval_kl": 100
  },
  "checkpoint-1738": {
    "kl_mean": 0.1843324452638626,
    "kl_stderr": 0.003409772005623059,
    "tv_mean": 0.11064703017473221,
    "tv_stderr": 0.0009195855789604546,
    "num_eval_kl": 100
  },
  "checkpoint-1817": {
    "kl_mean": 0.18471281230449677,
    "kl_stderr": 0.0034204154154785314,
    "tv_mean": 0.11072085797786713,
    "tv_stderr": 0.000919921988427121,
    "num_eval_kl": 100
  },
  "checkpoint-1896": {
    "kl_mean": 0.18455857038497925,
    "kl_stderr": 0.003421159601966169,
    "tv_mean": 0.1106574609875679,
    "tv_stderr": 0.0009194208373946828,
    "num_eval_kl": 100
  },
  "checkpoint-1975": {
    "kl_mean": 0.1848295032978058,
    "kl_stderr": 0.003420087861199807,
    "tv_mean": 0.1107594445347786,
    "tv_stderr": 0.000920078576205976,
    "num_eval_kl": 100
  },
  "checkpoint-2054": {
    "kl_mean": 0.18496499955654144,
    "kl_stderr": 0.003429250964191793,
    "tv_mean": 0.11072811484336853,
    "tv_stderr": 0.0009199651245901651,
    "num_eval_kl": 100
  },
  "checkpoint-2133": {
    "kl_mean": 0.18479177355766296,
    "kl_stderr": 0.0034270604887903866,
    "tv_mean": 0.11065584421157837,
    "tv_stderr": 0.0009192882726009378,
    "num_eval_kl": 100
  },
  "checkpoint-2212": {
    "kl_mean": 0.18480078876018524,
    "kl_stderr": 0.003427136941502123,
    "tv_mean": 0.11067689955234528,
    "tv_stderr": 0.0009198259841618096,
    "num_eval_kl": 100
  },
  "checkpoint-2291": {
    "kl_mean": 0.18500755727291107,
    "kl_stderr": 0.00343455425734262,
    "tv_mean": 0.11067414283752441,
    "tv_stderr": 0.000919663171448857,
    "num_eval_kl": 100
  },
  "checkpoint-2370": {
    "kl_mean": 0.1848926842212677,
    "kl_stderr": 0.003422106493350062,
    "tv_mean": 0.11070077866315842,
    "tv_stderr": 0.0009198201099282244,
    "num_eval_kl": 100
  }
}