{
  "checkpoint-4": {
    "kl_mean": 0.01058085635304451,
    "kl_stderr": 0.0006184630718162655,
    "tv_mean": 0.02278653159737587,
    "tv_stderr": 0.00029677366735705705,
    "num_eval_kl": 100
  },
  "checkpoint-8": {
    "kl_mean": 0.06865088641643524,
    "kl_stderr": 0.0021766793692932452,
    "tv_mean": 0.06532347947359085,
    "tv_stderr": 0.0006773906213770925,
    "num_eval_kl": 100
  },
  "checkpoint-12": {
    "kl_mean": 0.12503816187381744,
    "kl_stderr": 0.0033165705388079874,
    "tv_mean": 0.09113958477973938,
    "tv_stderr": 0.0008768496528763813,
    "num_eval_kl": 100
  },
  "checkpoint-16": {
    "kl_mean": 0.1600155532360077,
    "kl_stderr": 0.004097446261967308,
    "tv_mean": 0.10197626799345016,
    "tv_stderr": 0.000963643733651981,
    "num_eval_kl": 100
  },
  "checkpoint-20": {
    "kl_mean": 0.18005049228668213,
    "kl_stderr": 0.0045322840358879785,
    "tv_mean": 0.10723544657230377,
    "tv_stderr": 0.001006796116594711,
    "num_eval_kl": 100
  },
  "checkpoint-24": {
    "kl_mean": 0.19270533323287964,
    "kl_stderr": 0.004823755790977477,
    "tv_mean": 0.10973770171403885,
    "tv_stderr": 0.0010302828806209008,
    "num_eval_kl": 100
  },
  "checkpoint-28": {
    "kl_mean": 0.19934344291687012,
    "kl_stderr": 0.0049977305998437655,
    "tv_mean": 0.11061923205852509,
    "tv_stderr": 0.001039099842206997,
    "num_eval_kl": 100
  },
  "checkpoint-32": {
    "kl_mean": 0.20776920020580292,
    "kl_stderr": 0.005215582251236591,
    "tv_mean": 0.11167699843645096,
    "tv_stderr": 0.0010495709704356777,
    "num_eval_kl": 100
  },
  "checkpoint-36": {
    "kl_mean": 0.21474610269069672,
    "kl_stderr": 0.005414237257973288,
    "tv_mean": 0.11218392848968506,
    "tv_stderr": 0.0010552287341295678,
    "num_eval_kl": 100
  },
  "checkpoint-40": {
    "kl_mean": 0.21531791985034943,
    "kl_stderr": 0.005477551676408077,
    "tv_mean": 0.11170462518930435,
    "tv_stderr": 0.0010508753133169906,
    "num_eval_kl": 100
  },
  "checkpoint-44": {
    "kl_mean": 0.21458502113819122,
    "kl_stderr": 0.005509015123592286,
    "tv_mean": 0.11096452921628952,
    "tv_stderr": 0.0010450368511840074,
    "num_eval_kl": 100
  },
  "checkpoint-48": {
    "kl_mean": 0.21476256847381592,
    "kl_stderr": 0.005502183828308265,
    "tv_mean": 0.11113373190164566,
    "tv_stderr": 0.00104583495787545,
    "num_eval_kl": 100
  },
  "checkpoint-52": {
    "kl_mean": 0.21754245460033417,
    "kl_stderr": 0.005543711328101208,
    "tv_mean": 0.11201203614473343,
    "tv_stderr": 0.001052299245073084,
    "num_eval_kl": 100
  },
  "checkpoint-56": {
    "kl_mean": 0.21779467165470123,
    "kl_stderr": 0.005527068484577491,
    "tv_mean": 0.11244982481002808,
    "tv_stderr": 0.0010537302785145568,
    "num_eval_kl": 100
  },
  "checkpoint-60": {
    "kl_mean": 0.21759890019893646,
    "kl_stderr": 0.005494634298374536,
    "tv_mean": 0.11276575177907944,
    "tv_stderr": 0.0010540638823771228,
    "num_eval_kl": 100
  },
  "checkpoint-64": {
    "kl_mean": 0.21836505830287933,
    "kl_stderr": 0.005494466663529535,
    "tv_mean": 0.1130819246172905,
    "tv_stderr": 0.0010557792462591478,
    "num_eval_kl": 100
  },
  "checkpoint-68": {
    "kl_mean": 0.21891260147094727,
    "kl_stderr": 0.005517144361473265,
    "tv_mean": 0.11307860910892487,
    "tv_stderr": 0.001055628971089519,
    "num_eval_kl": 100
  },
  "checkpoint-72": {
    "kl_mean": 0.2195858210325241,
    "kl_stderr": 0.005531403844313672,
    "tv_mean": 0.11319369822740555,
    "tv_stderr": 0.001056261284113652,
    "num_eval_kl": 100
  },
  "checkpoint-76": {
    "kl_mean": 0.21970202028751373,
    "kl_stderr": 0.0055347744269398196,
    "tv_mean": 0.11317446827888489,
    "tv_stderr": 0.0010563074012310528,
    "num_eval_kl": 100
  },
  "checkpoint-80": {
    "kl_mean": 0.2201431691646576,
    "kl_stderr": 0.005543079716478101,
    "tv_mean": 0.11319814622402191,
    "tv_stderr": 0.0010566188232862,
    "num_eval_kl": 100
  },
  "checkpoint-84": {
    "kl_mean": 0.22031313180923462,
    "kl_stderr": 0.005546888674744939,
    "tv_mean": 0.11319101601839066,
    "tv_stderr": 0.0010569587397579918,
    "num_eval_kl": 100
  },
  "checkpoint-88": {
    "kl_mean": 0.22046209871768951,
    "kl_stderr": 0.005553123077756595,
    "tv_mean": 0.11324150860309601,
    "tv_stderr": 0.0010568520391270476,
    "num_eval_kl": 100
  },
  "checkpoint-92": {
    "kl_mean": 0.22040502727031708,
    "kl_stderr": 0.005553336303668227,
    "tv_mean": 0.11318368464708328,
    "tv_stderr": 0.0010567319242014983,
    "num_eval_kl": 100
  },
  "checkpoint-96": {
    "kl_mean": 0.2205403447151184,
    "kl_stderr": 0.0055549695159551864,
    "tv_mean": 0.11323787271976471,
    "tv_stderr": 0.0010567486701509726,
    "num_eval_kl": 100
  },
  "checkpoint-100": {
    "kl_mean": 0.2205253541469574,
    "kl_stderr": 0.00555327352827648,
    "tv_mean": 0.11330732703208923,
    "tv_stderr": 0.0010570497465409994,
    "num_eval_kl": 100
  },
  "checkpoint-104": {
    "kl_mean": 0.2208135575056076,
    "kl_stderr": 0.0055572182076416765,
    "tv_mean": 0.11333619058132172,
    "tv_stderr": 0.0010576972273623004,
    "num_eval_kl": 100
  },
  "checkpoint-108": {
    "kl_mean": 0.22073833644390106,
    "kl_stderr": 0.005560275614710114,
    "tv_mean": 0.1132972314953804,
    "tv_stderr": 0.001057477601166314,
    "num_eval_kl": 100
  },
  "checkpoint-112": {
    "kl_mean": 0.22075851261615753,
    "kl_stderr": 0.005561782224112042,
    "tv_mean": 0.1132173165678978,
    "tv_stderr": 0.0010571183084912036,
    "num_eval_kl": 100
  },
  "checkpoint-116": {
    "kl_mean": 0.22084940969944,
    "kl_stderr": 0.0055604197526207735,
    "tv_mean": 0.1132608950138092,
    "tv_stderr": 0.001057526962263456,
    "num_eval_kl": 100
  },
  "checkpoint-120": {
    "kl_mean": 0.2210088074207306,
    "kl_stderr": 0.005562254267001939,
    "tv_mean": 0.11329791694879532,
    "tv_stderr": 0.001057698893189735,
    "num_eval_kl": 100
  }
}