{
  "checkpoint-8": {
    "kl_mean": 0.0191198643296957,
    "kl_stderr": 0.0009204063058349569,
    "tv_mean": 0.032473836094141006,
    "tv_stderr": 0.00038353182324890204,
    "num_eval_kl": 100
  },
  "checkpoint-16": {
    "kl_mean": 0.07946915924549103,
    "kl_stderr": 0.002438406460410557,
    "tv_mean": 0.07184460014104843,
    "tv_stderr": 0.0007159677215954914,
    "num_eval_kl": 100
  },
  "checkpoint-24": {
    "kl_mean": 0.11210226267576218,
    "kl_stderr": 0.003186862902138706,
    "tv_mean": 0.08545845001935959,
    "tv_stderr": 0.0008218066813804122,
    "num_eval_kl": 100
  },
  "checkpoint-32": {
    "kl_mean": 0.12230251729488373,
    "kl_stderr": 0.003408517549889657,
    "tv_mean": 0.08948858827352524,
    "tv_stderr": 0.0008504179689711554,
    "num_eval_kl": 100
  },
  "checkpoint-40": {
    "kl_mean": 0.12616802752017975,
    "kl_stderr": 0.003502962600722242,
    "tv_mean": 0.0904855951666832,
    "tv_stderr": 0.0008602388107744345,
    "num_eval_kl": 100
  },
  "checkpoint-48": {
    "kl_mean": 0.12980860471725464,
    "kl_stderr": 0.0035820252256732253,
    "tv_mean": 0.09137427806854248,
    "tv_stderr": 0.000869516417483769,
    "num_eval_kl": 100
  },
  "checkpoint-56": {
    "kl_mean": 0.13494597375392914,
    "kl_stderr": 0.0036405490751065393,
    "tv_mean": 0.09363660216331482,
    "tv_stderr": 0.000883594675834314,
    "num_eval_kl": 100
  },
  "checkpoint-64": {
    "kl_mean": 0.13936275243759155,
    "kl_stderr": 0.003719473524055577,
    "tv_mean": 0.09430558234453201,
    "tv_stderr": 0.000894166192084713,
    "num_eval_kl": 100
  },
  "checkpoint-72": {
    "kl_mean": 0.1424488127231598,
    "kl_stderr": 0.003857268314544331,
    "tv_mean": 0.09352216869592667,
    "tv_stderr": 0.0008934929347757393,
    "num_eval_kl": 100
  },
  "checkpoint-80": {
    "kl_mean": 0.14816243946552277,
    "kl_stderr": 0.0039735132599377256,
    "tv_mean": 0.09545762836933136,
    "tv_stderr": 0.0009048935070378137,
    "num_eval_kl": 100
  },
  "checkpoint-88": {
    "kl_mean": 0.15957146883010864,
    "kl_stderr": 0.00433047623154343,
    "tv_mean": 0.09674114733934402,
    "tv_stderr": 0.0009188000098123357,
    "num_eval_kl": 100
  },
  "checkpoint-96": {
    "kl_mean": 0.1623472422361374,
    "kl_stderr": 0.004462277900973165,
    "tv_mean": 0.09664914011955261,
    "tv_stderr": 0.000916651092421667,
    "num_eval_kl": 100
  },
  "checkpoint-104": {
    "kl_mean": 0.15897412598133087,
    "kl_stderr": 0.00442264734025262,
    "tv_mean": 0.09593231976032257,
    "tv_stderr": 0.0009075997752180573,
    "num_eval_kl": 100
  },
  "checkpoint-112": {
    "kl_mean": 0.15947945415973663,
    "kl_stderr": 0.004473152773166922,
    "tv_mean": 0.09587087482213974,
    "tv_stderr": 0.0009064581573745691,
    "num_eval_kl": 100
  },
  "checkpoint-120": {
    "kl_mean": 0.16046763956546783,
    "kl_stderr": 0.0045323212101423095,
    "tv_mean": 0.09555818140506744,
    "tv_stderr": 0.0009049951225113259,
    "num_eval_kl": 100
  },
  "checkpoint-128": {
    "kl_mean": 0.1629153937101364,
    "kl_stderr": 0.004601547737817718,
    "tv_mean": 0.09586567431688309,
    "tv_stderr": 0.0009070220837987543,
    "num_eval_kl": 100
  },
  "checkpoint-136": {
    "kl_mean": 0.16379936039447784,
    "kl_stderr": 0.00462747993651794,
    "tv_mean": 0.09589899331331253,
    "tv_stderr": 0.0009073931249410354,
    "num_eval_kl": 100
  },
  "checkpoint-144": {
    "kl_mean": 0.16445079445838928,
    "kl_stderr": 0.004646966259797437,
    "tv_mean": 0.09599385410547256,
    "tv_stderr": 0.0009084032300923164,
    "num_eval_kl": 100
  },
  "checkpoint-152": {
    "kl_mean": 0.16471892595291138,
    "kl_stderr": 0.004650003676936659,
    "tv_mean": 0.09609156101942062,
    "tv_stderr": 0.0009086962403705545,
    "num_eval_kl": 100
  },
  "checkpoint-160": {
    "kl_mean": 0.16473953425884247,
    "kl_stderr": 0.004657098348305607,
    "tv_mean": 0.09598436206579208,
    "tv_stderr": 0.0009083340544162152,
    "num_eval_kl": 100
  },
  "checkpoint-168": {
    "kl_mean": 0.16493254899978638,
    "kl_stderr": 0.004661127897194841,
    "tv_mean": 0.09606896340847015,
    "tv_stderr": 0.0009085078265201853,
    "num_eval_kl": 100
  },
  "checkpoint-176": {
    "kl_mean": 0.16497156023979187,
    "kl_stderr": 0.004662298886206256,
    "tv_mean": 0.09605740010738373,
    "tv_stderr": 0.0009086685350300627,
    "num_eval_kl": 100
  },
  "checkpoint-184": {
    "kl_mean": 0.16519473493099213,
    "kl_stderr": 0.004669171564150758,
    "tv_mean": 0.09605908393859863,
    "tv_stderr": 0.0009089398018765225,
    "num_eval_kl": 100
  },
  "checkpoint-192": {
    "kl_mean": 0.1653418391942978,
    "kl_stderr": 0.004673935129212766,
    "tv_mean": 0.09614308923482895,
    "tv_stderr": 0.0009092427194442402,
    "num_eval_kl": 100
  },
  "checkpoint-200": {
    "kl_mean": 0.16525104641914368,
    "kl_stderr": 0.0046670407078364855,
    "tv_mean": 0.09609953314065933,
    "tv_stderr": 0.0009088313477430155,
    "num_eval_kl": 100
  },
  "checkpoint-208": {
    "kl_mean": 0.16528479754924774,
    "kl_stderr": 0.0046682148531525134,
    "tv_mean": 0.09615033119916916,
    "tv_stderr": 0.0009093901890097687,
    "num_eval_kl": 100
  },
  "checkpoint-216": {
    "kl_mean": 0.165635347366333,
    "kl_stderr": 0.004685379188338397,
    "tv_mean": 0.09620501101016998,
    "tv_stderr": 0.0009094776011125226,
    "num_eval_kl": 100
  },
  "checkpoint-224": {
    "kl_mean": 0.1654527187347412,
    "kl_stderr": 0.004677910319522555,
    "tv_mean": 0.09612908959388733,
    "tv_stderr": 0.000909202038184784,
    "num_eval_kl": 100
  },
  "checkpoint-232": {
    "kl_mean": 0.16549454629421234,
    "kl_stderr": 0.004678537372038999,
    "tv_mean": 0.09605813771486282,
    "tv_stderr": 0.0009095749205047561,
    "num_eval_kl": 100
  },
  "checkpoint-240": {
    "kl_mean": 0.16559259593486786,
    "kl_stderr": 0.004673028568387816,
    "tv_mean": 0.09620056301355362,
    "tv_stderr": 0.0009099995311503297,
    "num_eval_kl": 100
  }
}