{
  "checkpoint-4": {
    "kl_mean": 0.0006342148990370333,
    "kl_stderr": 7.977972786585416e-06,
    "tv_mean": 0.008606228046119213,
    "tv_stderr": 6.429120667038123e-05,
    "num_eval_kl": 100
  },
  "checkpoint-8": {
    "kl_mean": 0.0006452728994190693,
    "kl_stderr": 8.452722473659845e-06,
    "tv_mean": 0.008596399798989296,
    "tv_stderr": 6.479835056187342e-05,
    "num_eval_kl": 100
  },
  "checkpoint-12": {
    "kl_mean": 0.0006551070837303996,
    "kl_stderr": 8.318617773591413e-06,
    "tv_mean": 0.008766356855630875,
    "tv_stderr": 6.567253793600053e-05,
    "num_eval_kl": 100
  },
  "checkpoint-16": {
    "kl_mean": 0.0006543746567331254,
    "kl_stderr": 8.088672567001579e-06,
    "tv_mean": 0.008734806440770626,
    "tv_stderr": 6.522686635049194e-05,
    "num_eval_kl": 100
  },
  "checkpoint-20": {
    "kl_mean": 0.0006491870735771954,
    "kl_stderr": 8.23530249953705e-06,
    "tv_mean": 0.008723319508135319,
    "tv_stderr": 6.525758670624904e-05,
    "num_eval_kl": 100
  },
  "checkpoint-24": {
    "kl_mean": 0.0006806869641877711,
    "kl_stderr": 8.532547217062429e-06,
    "tv_mean": 0.00886494293808937,
    "tv_stderr": 6.60759835131416e-05,
    "num_eval_kl": 100
  },
  "checkpoint-28": {
    "kl_mean": 0.000698138726875186,
    "kl_stderr": 8.662687469437918e-06,
    "tv_mean": 0.00901907216757536,
    "tv_stderr": 6.712413003584452e-05,
    "num_eval_kl": 100
  },
  "checkpoint-32": {
    "kl_mean": 0.0007568833534605801,
    "kl_stderr": 8.713778359347615e-06,
    "tv_mean": 0.009267967194318771,
    "tv_stderr": 6.855817140793081e-05,
    "num_eval_kl": 100
  },
  "checkpoint-36": {
    "kl_mean": 0.0008139325072988868,
    "kl_stderr": 9.351425839613508e-06,
    "tv_mean": 0.009694253094494343,
    "tv_stderr": 7.134880557608775e-05,
    "num_eval_kl": 100
  },
  "checkpoint-40": {
    "kl_mean": 0.0009086788631975651,
    "kl_stderr": 1.0601009484226037e-05,
    "tv_mean": 0.010177948512136936,
    "tv_stderr": 7.543097426205363e-05,
    "num_eval_kl": 100
  },
  "checkpoint-44": {
    "kl_mean": 0.0010170001769438386,
    "kl_stderr": 1.2568641951573792e-05,
    "tv_mean": 0.010767078958451748,
    "tv_stderr": 7.965507583610257e-05,
    "num_eval_kl": 100
  },
  "checkpoint-48": {
    "kl_mean": 0.0011955235386267304,
    "kl_stderr": 1.6162248243369703e-05,
    "tv_mean": 0.011623283848166466,
    "tv_stderr": 8.703435909785992e-05,
    "num_eval_kl": 100
  },
  "checkpoint-52": {
    "kl_mean": 0.0015107059152796865,
    "kl_stderr": 2.4379232532829626e-05,
    "tv_mean": 0.012904936447739601,
    "tv_stderr": 9.880684806544258e-05,
    "num_eval_kl": 100
  },
  "checkpoint-56": {
    "kl_mean": 0.0019421218894422054,
    "kl_stderr": 3.727633980345155e-05,
    "tv_mean": 0.014374041929841042,
    "tv_stderr": 0.00011370653655232549,
    "num_eval_kl": 100
  },
  "checkpoint-60": {
    "kl_mean": 0.002552689053118229,
    "kl_stderr": 5.611654317269707e-05,
    "tv_mean": 0.016149921342730522,
    "tv_stderr": 0.00013219053334194398,
    "num_eval_kl": 100
  },
  "checkpoint-64": {
    "kl_mean": 0.0032725855708122253,
    "kl_stderr": 7.774775984373246e-05,
    "tv_mean": 0.01802077144384384,
    "tv_stderr": 0.00015150440099659604,
    "num_eval_kl": 100
  },
  "checkpoint-68": {
    "kl_mean": 0.0042268261313438416,
    "kl_stderr": 0.00010441082229377302,
    "tv_mean": 0.02024822123348713,
    "tv_stderr": 0.00017360537477032083,
    "num_eval_kl": 100
  },
  "checkpoint-72": {
    "kl_mean": 0.005432744510471821,
    "kl_stderr": 0.00013438179936239863,
    "tv_mean": 0.022861823439598083,
    "tv_stderr": 0.00019721798593300483,
    "num_eval_kl": 100
  },
  "checkpoint-76": {
    "kl_mean": 0.0070874341763556,
    "kl_stderr": 0.00018871717799333798,
    "tv_mean": 0.025758542120456696,
    "tv_stderr": 0.00022562400467979565,
    "num_eval_kl": 100
  },
  "checkpoint-80": {
    "kl_mean": 0.009193367324769497,
    "kl_stderr": 0.0002678055701603437,
    "tv_mean": 0.028730163350701332,
    "tv_stderr": 0.0002560841062608595,
    "num_eval_kl": 100
  },
  "checkpoint-84": {
    "kl_mean": 0.011638162657618523,
    "kl_stderr": 0.0004130791099980503,
    "tv_mean": 0.031560350209474564,
    "tv_stderr": 0.0002851653409449181,
    "num_eval_kl": 100
  },
  "checkpoint-88": {
    "kl_mean": 0.013931995257735252,
    "kl_stderr": 0.0005758653167892998,
    "tv_mean": 0.03389114513993263,
    "tv_stderr": 0.00030747807138412384,
    "num_eval_kl": 100
  },
  "checkpoint-92": {
    "kl_mean": 0.016051799058914185,
    "kl_stderr": 0.0007226366240438942,
    "tv_mean": 0.03580339252948761,
    "tv_stderr": 0.00032486484490855464,
    "num_eval_kl": 100
  },
  "checkpoint-96": {
    "kl_mean": 0.017425404861569405,
    "kl_stderr": 0.0008127909791220288,
    "tv_mean": 0.03709576651453972,
    "tv_stderr": 0.0003342838302552582,
    "num_eval_kl": 100
  },
  "checkpoint-100": {
    "kl_mean": 0.01823120005428791,
    "kl_stderr": 0.0008548642808873958,
    "tv_mean": 0.037836335599422455,
    "tv_stderr": 0.0003410452784019427,
    "num_eval_kl": 100
  },
  "checkpoint-104": {
    "kl_mean": 0.018747754395008087,
    "kl_stderr": 0.0008822897968704922,
    "tv_mean": 0.03832585737109184,
    "tv_stderr": 0.0003442059680588184,
    "num_eval_kl": 100
  },
  "checkpoint-108": {
    "kl_mean": 0.01906268112361431,
    "kl_stderr": 0.0008824512235462018,
    "tv_mean": 0.0387171246111393,
    "tv_stderr": 0.0003475649235427366,
    "num_eval_kl": 100
  },
  "checkpoint-112": {
    "kl_mean": 0.01922464184463024,
    "kl_stderr": 0.0009009527763293229,
    "tv_mean": 0.03873435780405998,
    "tv_stderr": 0.00034818786116461934,
    "num_eval_kl": 100
  },
  "checkpoint-116": {
    "kl_mean": 0.01944286748766899,
    "kl_stderr": 0.0009000522918251562,
    "tv_mean": 0.03897103667259216,
    "tv_stderr": 0.00035006648937876446,
    "num_eval_kl": 100
  },
  "checkpoint-120": {
    "kl_mean": 0.01938711293041706,
    "kl_stderr": 0.0008920791957765679,
    "tv_mean": 0.03902112692594528,
    "tv_stderr": 0.00034928996050958606,
    "num_eval_kl": 100
  },
  "checkpoint-124": {
    "kl_mean": 0.019431844353675842,
    "kl_stderr": 0.0008812790266051022,
    "tv_mean": 0.03908153250813484,
    "tv_stderr": 0.0003505030196311235,
    "num_eval_kl": 100
  },
  "checkpoint-128": {
    "kl_mean": 0.019622456282377243,
    "kl_stderr": 0.0009033184859468843,
    "tv_mean": 0.03911976516246796,
    "tv_stderr": 0.0003514263995941232,
    "num_eval_kl": 100
  },
  "checkpoint-132": {
    "kl_mean": 0.01958269625902176,
    "kl_stderr": 0.0008976460570348305,
    "tv_mean": 0.039122965186834335,
    "tv_stderr": 0.000351344906926023,
    "num_eval_kl": 100
  },
  "checkpoint-136": {
    "kl_mean": 0.019565170630812645,
    "kl_stderr": 0.0008974179028397254,
    "tv_mean": 0.0391521193087101,
    "tv_stderr": 0.00035074497007787133,
    "num_eval_kl": 100
  },
  "checkpoint-140": {
    "kl_mean": 0.019753701984882355,
    "kl_stderr": 0.0009223372612572395,
    "tv_mean": 0.039198584854602814,
    "tv_stderr": 0.0003516779336965923,
    "num_eval_kl": 100
  },
  "checkpoint-144": {
    "kl_mean": 0.019755708053708076,
    "kl_stderr": 0.000911142540351772,
    "tv_mean": 0.039228420704603195,
    "tv_stderr": 0.0003521754202119346,
    "num_eval_kl": 100
  },
  "checkpoint-148": {
    "kl_mean": 0.01984158530831337,
    "kl_stderr": 0.0009144204454901618,
    "tv_mean": 0.03932783007621765,
    "tv_stderr": 0.0003523984771659748,
    "num_eval_kl": 100
  },
  "checkpoint-152": {
    "kl_mean": 0.019917409867048264,
    "kl_stderr": 0.0009284173009506517,
    "tv_mean": 0.03921839967370033,
    "tv_stderr": 0.00035316011450857085,
    "num_eval_kl": 100
  }
}