{
  "checkpoint-79": {
    "kl_mean": 0.12000477313995361,
    "kl_stderr": 0.0025924888213577904,
    "tv_mean": 0.10186564922332764,
    "tv_stderr": 0.0008069529951902623,
    "num_eval_kl": 100
  },
  "checkpoint-158": {
    "kl_mean": 0.1660626232624054,
    "kl_stderr": 0.00339344383822319,
    "tv_mean": 0.12197046726942062,
    "tv_stderr": 0.0009105205084380125,
    "num_eval_kl": 100
  },
  "checkpoint-237": {
    "kl_mean": 0.1813696324825287,
    "kl_stderr": 0.0031289201119784225,
    "tv_mean": 0.13456451892852783,
    "tv_stderr": 0.000962687358534983,
    "num_eval_kl": 100
  },
  "checkpoint-316": {
    "kl_mean": 0.6732467412948608,
    "kl_stderr": 0.008555858480175873,
    "tv_mean": 0.2613655924797058,
    "tv_stderr": 0.0015691633350835789,
    "num_eval_kl": 100
  },
  "checkpoint-395": {
    "kl_mean": 0.6900423765182495,
    "kl_stderr": 0.008430656085298634,
    "tv_mean": 0.27037954330444336,
    "tv_stderr": 0.0015853543632557093,
    "num_eval_kl": 100
  },
  "checkpoint-474": {
    "kl_mean": 0.7654868960380554,
    "kl_stderr": 0.009347906721232657,
    "tv_mean": 0.28059297800064087,
    "tv_stderr": 0.001633592462144428,
    "num_eval_kl": 100
  },
  "checkpoint-553": {
    "kl_mean": 0.8370401859283447,
    "kl_stderr": 0.009739972012617917,
    "tv_mean": 0.28831297159194946,
    "tv_stderr": 0.0016878480015511664,
    "num_eval_kl": 100
  },
  "checkpoint-632": {
    "kl_mean": 0.9741317629814148,
    "kl_stderr": 0.011020051850227069,
    "tv_mean": 0.3134968876838684,
    "tv_stderr": 0.001766066977108926,
    "num_eval_kl": 100
  },
  "checkpoint-711": {
    "kl_mean": 1.2547733783721924,
    "kl_stderr": 0.012946620248477333,
    "tv_mean": 0.3560566008090973,
    "tv_stderr": 0.0018966835687682327,
    "num_eval_kl": 100
  },
  "checkpoint-790": {
    "kl_mean": 1.4508864879608154,
    "kl_stderr": 0.014812169363309398,
    "tv_mean": 0.3742815852165222,
    "tv_stderr": 0.0019529896313656904,
    "num_eval_kl": 100
  },
  "checkpoint-869": {
    "kl_mean": 1.6040964126586914,
    "kl_stderr": 0.015666799255359725,
    "tv_mean": 0.38555923104286194,
    "tv_stderr": 0.0019977469464964428,
    "num_eval_kl": 100
  },
  "checkpoint-948": {
    "kl_mean": 1.777361512184143,
    "kl_stderr": 0.01765147788678868,
    "tv_mean": 0.3907431960105896,
    "tv_stderr": 0.0020310682432273476,
    "num_eval_kl": 100
  },
  "checkpoint-1027": {
    "kl_mean": 1.7522704601287842,
    "kl_stderr": 0.017605748641526933,
    "tv_mean": 0.38593539595603943,
    "tv_stderr": 0.0020229222622421437,
    "num_eval_kl": 100
  },
  "checkpoint-1106": {
    "kl_mean": 1.766627311706543,
    "kl_stderr": 0.017797519488177763,
    "tv_mean": 0.38461825251579285,
    "tv_stderr": 0.002024516477042653,
    "num_eval_kl": 100
  },
  "checkpoint-1185": {
    "kl_mean": 1.7754606008529663,
    "kl_stderr": 0.017916609911884505,
    "tv_mean": 0.3840979039669037,
    "tv_stderr": 0.0020258508589267275,
    "num_eval_kl": 100
  },
  "checkpoint-1264": {
    "kl_mean": 1.7788374423980713,
    "kl_stderr": 0.01798208106667248,
    "tv_mean": 0.38344234228134155,
    "tv_stderr": 0.0020258426022387215,
    "num_eval_kl": 100
  },
  "checkpoint-1343": {
    "kl_mean": 1.7817153930664062,
    "kl_stderr": 0.018014817992097164,
    "tv_mean": 0.383228600025177,
    "tv_stderr": 0.0020262593122272704,
    "num_eval_kl": 100
  },
  "checkpoint-1422": {
    "kl_mean": 1.7843528985977173,
    "kl_stderr": 0.018041030448958724,
    "tv_mean": 0.38303980231285095,
    "tv_stderr": 0.0020267698788529486,
    "num_eval_kl": 100
  }
}