{
  "checkpoint-80": {
    "kl_mean": 0.04590541496872902,
    "kl_stderr": 0.002087575784669714,
    "tv_mean": 0.046891480684280396,
    "tv_stderr": 0.0007029047345942429,
    "num_eval_kl": 100
  },
  "checkpoint-160": {
    "kl_mean": 0.04005846381187439,
    "kl_stderr": 0.0014993008416110233,
    "tv_mean": 0.050316113978624344,
    "tv_stderr": 0.0006671219175218458,
    "num_eval_kl": 100
  },
  "checkpoint-240": {
    "kl_mean": 0.06746018677949905,
    "kl_stderr": 0.0023612800031023915,
    "tv_mean": 0.06017322465777397,
    "tv_stderr": 0.000749783783476094,
    "num_eval_kl": 100
  },
  "checkpoint-320": {
    "kl_mean": 0.07438964396715164,
    "kl_stderr": 0.0022431485698126124,
    "tv_mean": 0.06659658998250961,
    "tv_stderr": 0.0008072355829984344,
    "num_eval_kl": 100
  },
  "checkpoint-400": {
    "kl_mean": 0.10291797667741776,
    "kl_stderr": 0.0025995123661145037,
    "tv_mean": 0.07764457911252975,
    "tv_stderr": 0.0008997151315317868,
    "num_eval_kl": 100
  },
  "checkpoint-480": {
    "kl_mean": 0.12051226198673248,
    "kl_stderr": 0.003361267519447533,
    "tv_mean": 0.08164623379707336,
    "tv_stderr": 0.0009555328569919884,
    "num_eval_kl": 100
  },
  "checkpoint-560": {
    "kl_mean": 0.10073522478342056,
    "kl_stderr": 0.0027230321307041006,
    "tv_mean": 0.07719296216964722,
    "tv_stderr": 0.0009178090900717538,
    "num_eval_kl": 100
  },
  "checkpoint-640": {
    "kl_mean": 0.12331119179725647,
    "kl_stderr": 0.0034094999161490757,
    "tv_mean": 0.08320122957229614,
    "tv_stderr": 0.0009807593213666435,
    "num_eval_kl": 100
  },
  "checkpoint-720": {
    "kl_mean": 0.10089345276355743,
    "kl_stderr": 0.0025995025600357843,
    "tv_mean": 0.07870236039161682,
    "tv_stderr": 0.0009247873136012584,
    "num_eval_kl": 100
  },
  "checkpoint-800": {
    "kl_mean": 0.12127390503883362,
    "kl_stderr": 0.0030200968256875833,
    "tv_mean": 0.08547405153512955,
    "tv_stderr": 0.000981452720088527,
    "num_eval_kl": 100
  },
  "checkpoint-880": {
    "kl_mean": 0.11438413709402084,
    "kl_stderr": 0.002963422048947316,
    "tv_mean": 0.08397819101810455,
    "tv_stderr": 0.0009812901570946475,
    "num_eval_kl": 100
  },
  "checkpoint-960": {
    "kl_mean": 0.1077541708946228,
    "kl_stderr": 0.002723198616129468,
    "tv_mean": 0.08311454206705093,
    "tv_stderr": 0.0009642170113493583,
    "num_eval_kl": 100
  },
  "checkpoint-1040": {
    "kl_mean": 0.11996862292289734,
    "kl_stderr": 0.0032105550627436336,
    "tv_mean": 0.085311658680439,
    "tv_stderr": 0.000995914724983731,
    "num_eval_kl": 100
  },
  "checkpoint-1120": {
    "kl_mean": 0.12383042275905609,
    "kl_stderr": 0.003192327087794503,
    "tv_mean": 0.0865483358502388,
    "tv_stderr": 0.0010064821912373547,
    "num_eval_kl": 100
  },
  "checkpoint-1200": {
    "kl_mean": 0.13311541080474854,
    "kl_stderr": 0.0034223092699107887,
    "tv_mean": 0.08874974399805069,
    "tv_stderr": 0.0010291617990557506,
    "num_eval_kl": 100
  },
  "checkpoint-1280": {
    "kl_mean": 0.14032109081745148,
    "kl_stderr": 0.0035713278899505763,
    "tv_mean": 0.09061729162931442,
    "tv_stderr": 0.0010455366430397964,
    "num_eval_kl": 100
  },
  "checkpoint-1360": {
    "kl_mean": 0.13687703013420105,
    "kl_stderr": 0.003497754842535514,
    "tv_mean": 0.08989950269460678,
    "tv_stderr": 0.0010382998659013932,
    "num_eval_kl": 100
  },
  "checkpoint-1440": {
    "kl_mean": 0.1380041092634201,
    "kl_stderr": 0.0035271332006399153,
    "tv_mean": 0.09013952314853668,
    "tv_stderr": 0.0010403454139222364,
    "num_eval_kl": 100
  },
  "checkpoint-1520": {
    "kl_mean": 0.13873204588890076,
    "kl_stderr": 0.0035431330165911633,
    "tv_mean": 0.09029605984687805,
    "tv_stderr": 0.0010423521734539234,
    "num_eval_kl": 100
  },
  "checkpoint-1600": {
    "kl_mean": 0.13956132531166077,
    "kl_stderr": 0.0035627763355687773,
    "tv_mean": 0.09047159552574158,
    "tv_stderr": 0.001043376037028647,
    "num_eval_kl": 100
  },
  "checkpoint-1680": {
    "kl_mean": 0.14003533124923706,
    "kl_stderr": 0.003565725132396097,
    "tv_mean": 0.09058127552270889,
    "tv_stderr": 0.0010447019278279248,
    "num_eval_kl": 100
  },
  "checkpoint-1760": {
    "kl_mean": 0.1407412588596344,
    "kl_stderr": 0.003583805362425857,
    "tv_mean": 0.09077610075473785,
    "tv_stderr": 0.00104646386226092,
    "num_eval_kl": 100
  },
  "checkpoint-1840": {
    "kl_mean": 0.14095740020275116,
    "kl_stderr": 0.003591911938746661,
    "tv_mean": 0.09074428677558899,
    "tv_stderr": 0.0010465082075280174,
    "num_eval_kl": 100
  },
  "checkpoint-1920": {
    "kl_mean": 0.14091801643371582,
    "kl_stderr": 0.003588823023950086,
    "tv_mean": 0.09071756154298782,
    "tv_stderr": 0.0010462460583569218,
    "num_eval_kl": 100
  },
  "checkpoint-2000": {
    "kl_mean": 0.14136111736297607,
    "kl_stderr": 0.003597469806251892,
    "tv_mean": 0.09084909409284592,
    "tv_stderr": 0.0010472435544755336,
    "num_eval_kl": 100
  },
  "checkpoint-2080": {
    "kl_mean": 0.14156204462051392,
    "kl_stderr": 0.0035975072872638856,
    "tv_mean": 0.09091620147228241,
    "tv_stderr": 0.0010486593343297381,
    "num_eval_kl": 100
  },
  "checkpoint-2160": {
    "kl_mean": 0.1417699158191681,
    "kl_stderr": 0.0036047563764789034,
    "tv_mean": 0.0910160169005394,
    "tv_stderr": 0.0010486993213396267,
    "num_eval_kl": 100
  },
  "checkpoint-2240": {
    "kl_mean": 0.14157918095588684,
    "kl_stderr": 0.003602607101936496,
    "tv_mean": 0.09092806279659271,
    "tv_stderr": 0.0010478714703828587,
    "num_eval_kl": 100
  },
  "checkpoint-2320": {
    "kl_mean": 0.14160899817943573,
    "kl_stderr": 0.0035999176214130866,
    "tv_mean": 0.09094752371311188,
    "tv_stderr": 0.0010480626889178848,
    "num_eval_kl": 100
  },
  "checkpoint-2400": {
    "kl_mean": 0.14157558977603912,
    "kl_stderr": 0.003601876004289758,
    "tv_mean": 0.09091455489397049,
    "tv_stderr": 0.0010484722561390602,
    "num_eval_kl": 100
  },
  "checkpoint-2480": {
    "kl_mean": 0.1415935754776001,
    "kl_stderr": 0.0036021481774524333,
    "tv_mean": 0.09095446765422821,
    "tv_stderr": 0.0010483528398915454,
    "num_eval_kl": 100
  },
  "checkpoint-2560": {
    "kl_mean": 0.14143608510494232,
    "kl_stderr": 0.0035976737726892533,
    "tv_mean": 0.09088227152824402,
    "tv_stderr": 0.0010478546910926056,
    "num_eval_kl": 100
  },
  "checkpoint-2640": {
    "kl_mean": 0.1417088806629181,
    "kl_stderr": 0.0036040278937864907,
    "tv_mean": 0.0909319594502449,
    "tv_stderr": 0.001048105617751389,
    "num_eval_kl": 100
  },
  "checkpoint-2720": {
    "kl_mean": 0.14176547527313232,
    "kl_stderr": 0.003605102857926985,
    "tv_mean": 0.09092888236045837,
    "tv_stderr": 0.0010476526858709883,
    "num_eval_kl": 100
  },
  "checkpoint-2800": {
    "kl_mean": 0.1418302208185196,
    "kl_stderr": 0.0036039134895347654,
    "tv_mean": 0.09101734310388565,
    "tv_stderr": 0.0010484633217117826,
    "num_eval_kl": 100
  },
  "checkpoint-2880": {
    "kl_mean": 0.14174297451972961,
    "kl_stderr": 0.0036017583313451267,
    "tv_mean": 0.09100496023893356,
    "tv_stderr": 0.001049014205422946,
    "num_eval_kl": 100
  },
  "checkpoint-2960": {
    "kl_mean": 0.1417265236377716,
    "kl_stderr": 0.0035982514596822495,
    "tv_mean": 0.09099926799535751,
    "tv_stderr": 0.0010483159036617027,
    "num_eval_kl": 100
  },
  "checkpoint-3040": {
    "kl_mean": 0.14174048602581024,
    "kl_stderr": 0.003602282193861597,
    "tv_mean": 0.09094545990228653,
    "tv_stderr": 0.0010479536235312402,
    "num_eval_kl": 100
  },
  "checkpoint-3120": {
    "kl_mean": 0.14174868166446686,
    "kl_stderr": 0.0036003745846814052,
    "tv_mean": 0.09096193313598633,
    "tv_stderr": 0.0010481628198772516,
    "num_eval_kl": 100
  }
}