{
  "checkpoint-392": {
    "kl_mean": 0.027609771117568016,
    "kl_stderr": 0.0013769861351395965,
    "tv_mean": 0.03657150641083717,
    "tv_stderr": 0.000552257433835612,
    "num_eval_kl": 100
  },
  "checkpoint-784": {
    "kl_mean": 0.06627368181943893,
    "kl_stderr": 0.0022001763716489554,
    "tv_mean": 0.06616472452878952,
    "tv_stderr": 0.0008360854479380809,
    "num_eval_kl": 100
  },
  "checkpoint-1176": {
    "kl_mean": 0.10830370336771011,
    "kl_stderr": 0.0031844748157818193,
    "tv_mean": 0.07925884425640106,
    "tv_stderr": 0.0009517753855396182,
    "num_eval_kl": 100
  },
  "checkpoint-1568": {
    "kl_mean": 0.15743739902973175,
    "kl_stderr": 0.003925596018273726,
    "tv_mean": 0.09300164133310318,
    "tv_stderr": 0.0010490868793618991,
    "num_eval_kl": 100
  },
  "checkpoint-1960": {
    "kl_mean": 0.17527955770492554,
    "kl_stderr": 0.004097286510225364,
    "tv_mean": 0.09846349060535431,
    "tv_stderr": 0.0011004436016998367,
    "num_eval_kl": 100
  },
  "checkpoint-2352": {
    "kl_mean": 0.18317286670207977,
    "kl_stderr": 0.004118947048551966,
    "tv_mean": 0.10055691748857498,
    "tv_stderr": 0.0011162065463717992,
    "num_eval_kl": 100
  },
  "checkpoint-2744": {
    "kl_mean": 0.1929650902748108,
    "kl_stderr": 0.004019704302004137,
    "tv_mean": 0.10454405844211578,
    "tv_stderr": 0.0011543654852743095,
    "num_eval_kl": 100
  },
  "checkpoint-3136": {
    "kl_mean": 0.21353575587272644,
    "kl_stderr": 0.004574085078751765,
    "tv_mean": 0.10773757845163345,
    "tv_stderr": 0.001189404674710494,
    "num_eval_kl": 100
  },
  "checkpoint-3528": {
    "kl_mean": 0.19688297808170319,
    "kl_stderr": 0.004115451290444971,
    "tv_mean": 0.10549792647361755,
    "tv_stderr": 0.0011642546977498494,
    "num_eval_kl": 100
  },
  "checkpoint-3920": {
    "kl_mean": 0.19354550540447235,
    "kl_stderr": 0.004149692809855557,
    "tv_mean": 0.10551721602678299,
    "tv_stderr": 0.0011757136455154869,
    "num_eval_kl": 100
  },
  "checkpoint-4312": {
    "kl_mean": 0.20741285383701324,
    "kl_stderr": 0.004422874909074647,
    "tv_mean": 0.1077834740281105,
    "tv_stderr": 0.0011959056690756603,
    "num_eval_kl": 100
  },
  "checkpoint-4704": {
    "kl_mean": 0.2129819244146347,
    "kl_stderr": 0.004397872459120512,
    "tv_mean": 0.10995514690876007,
    "tv_stderr": 0.0012184262005059431,
    "num_eval_kl": 100
  },
  "checkpoint-5096": {
    "kl_mean": 0.22707945108413696,
    "kl_stderr": 0.004737535413799157,
    "tv_mean": 0.11121508479118347,
    "tv_stderr": 0.0012306475164137898,
    "num_eval_kl": 100
  },
  "checkpoint-5488": {
    "kl_mean": 0.24295850098133087,
    "kl_stderr": 0.005066089606678872,
    "tv_mean": 0.11331357061862946,
    "tv_stderr": 0.00125150384732898,
    "num_eval_kl": 100
  },
  "checkpoint-5880": {
    "kl_mean": 0.24972058832645416,
    "kl_stderr": 0.005205415680599657,
    "tv_mean": 0.11432403326034546,
    "tv_stderr": 0.0012612739704262956,
    "num_eval_kl": 100
  },
  "checkpoint-6272": {
    "kl_mean": 0.2516466975212097,
    "kl_stderr": 0.005246540631445461,
    "tv_mean": 0.1145675927400589,
    "tv_stderr": 0.0012637382380084523,
    "num_eval_kl": 100
  },
  "checkpoint-6664": {
    "kl_mean": 0.25183019042015076,
    "kl_stderr": 0.005254686649994003,
    "tv_mean": 0.11448332667350769,
    "tv_stderr": 0.00126293882467997,
    "num_eval_kl": 100
  },
  "checkpoint-7056": {
    "kl_mean": 0.25193729996681213,
    "kl_stderr": 0.005249213550591478,
    "tv_mean": 0.11456319689750671,
    "tv_stderr": 0.001263810802990975,
    "num_eval_kl": 100
  },
  "checkpoint-7448": {
    "kl_mean": 0.2522463798522949,
    "kl_stderr": 0.005256441284346173,
    "tv_mean": 0.11462029069662094,
    "tv_stderr": 0.0012638806440627424,
    "num_eval_kl": 100
  },
  "checkpoint-7840": {
    "kl_mean": 0.2523670196533203,
    "kl_stderr": 0.005255013955110366,
    "tv_mean": 0.11470899730920792,
    "tv_stderr": 0.0012644573504478666,
    "num_eval_kl": 100
  },
  "checkpoint-8232": {
    "kl_mean": 0.2521779537200928,
    "kl_stderr": 0.005253719116893699,
    "tv_mean": 0.11466691642999649,
    "tv_stderr": 0.0012638368435777961,
    "num_eval_kl": 100
  }
}