{
  "checkpoint-40": {
    "kl_mean": 0.02947542816400528,
    "kl_stderr": 0.0008377289804165387,
    "tv_mean": 0.049059461802244186,
    "tv_stderr": 0.0005932152768911422,
    "num_eval_kl": 100
  },
  "checkpoint-80": {
    "kl_mean": 0.046236686408519745,
    "kl_stderr": 0.0009366959196796664,
    "tv_mean": 0.0670153871178627,
    "tv_stderr": 0.000733579296505832,
    "num_eval_kl": 100
  },
  "checkpoint-120": {
    "kl_mean": 0.07366204261779785,
    "kl_stderr": 0.0014721508005242569,
    "tv_mean": 0.0854036882519722,
    "tv_stderr": 0.0009054866322781268,
    "num_eval_kl": 100
  },
  "checkpoint-160": {
    "kl_mean": 0.08703659474849701,
    "kl_stderr": 0.0017577649565483388,
    "tv_mean": 0.09049688279628754,
    "tv_stderr": 0.0009752679701908156,
    "num_eval_kl": 100
  },
  "checkpoint-200": {
    "kl_mean": 0.09836235642433167,
    "kl_stderr": 0.001990779312212789,
    "tv_mean": 0.09398861229419708,
    "tv_stderr": 0.0010228318258497173,
    "num_eval_kl": 100
  },
  "checkpoint-240": {
    "kl_mean": 0.10029992461204529,
    "kl_stderr": 0.002162537717252146,
    "tv_mean": 0.09189728647470474,
    "tv_stderr": 0.001022169599962671,
    "num_eval_kl": 100
  },
  "checkpoint-280": {
    "kl_mean": 0.11154680699110031,
    "kl_stderr": 0.0023399193789262656,
    "tv_mean": 0.09602250158786774,
    "tv_stderr": 0.0010657857818789963,
    "num_eval_kl": 100
  },
  "checkpoint-320": {
    "kl_mean": 0.13185659050941467,
    "kl_stderr": 0.0028963761846343477,
    "tv_mean": 0.10097000002861023,
    "tv_stderr": 0.001132074424952368,
    "num_eval_kl": 100
  },
  "checkpoint-360": {
    "kl_mean": 0.14289265871047974,
    "kl_stderr": 0.0028999559052633934,
    "tv_mean": 0.10493961721658707,
    "tv_stderr": 0.0011660365758338947,
    "num_eval_kl": 100
  },
  "checkpoint-400": {
    "kl_mean": 0.143329456448555,
    "kl_stderr": 0.0028972948898784937,
    "tv_mean": 0.1068386659026146,
    "tv_stderr": 0.0011849040137696725,
    "num_eval_kl": 100
  },
  "checkpoint-440": {
    "kl_mean": 0.1463981717824936,
    "kl_stderr": 0.0030140570330882293,
    "tv_mean": 0.10697273910045624,
    "tv_stderr": 0.0011888918360080257,
    "num_eval_kl": 100
  },
  "checkpoint-480": {
    "kl_mean": 0.1507568359375,
    "kl_stderr": 0.0030325832088099035,
    "tv_mean": 0.10938496887683868,
    "tv_stderr": 0.001206958210521082,
    "num_eval_kl": 100
  },
  "checkpoint-520": {
    "kl_mean": 0.1418217271566391,
    "kl_stderr": 0.002836469470189958,
    "tv_mean": 0.10712108016014099,
    "tv_stderr": 0.0011821601220205853,
    "num_eval_kl": 100
  },
  "checkpoint-560": {
    "kl_mean": 0.15365855395793915,
    "kl_stderr": 0.0030809948930388426,
    "tv_mean": 0.10949266701936722,
    "tv_stderr": 0.001209912937946316,
    "num_eval_kl": 100
  },
  "checkpoint-600": {
    "kl_mean": 0.15851324796676636,
    "kl_stderr": 0.0031859793965097814,
    "tv_mean": 0.11026289314031601,
    "tv_stderr": 0.0012193554604251504,
    "num_eval_kl": 100
  },
  "checkpoint-640": {
    "kl_mean": 0.15965008735656738,
    "kl_stderr": 0.0032063759538308047,
    "tv_mean": 0.11037399619817734,
    "tv_stderr": 0.0012207087338847586,
    "num_eval_kl": 100
  },
  "checkpoint-680": {
    "kl_mean": 0.16042178869247437,
    "kl_stderr": 0.003221738248650642,
    "tv_mean": 0.11054442822933197,
    "tv_stderr": 0.0012224417358547037,
    "num_eval_kl": 100
  },
  "checkpoint-720": {
    "kl_mean": 0.1611163318157196,
    "kl_stderr": 0.0032417727966298562,
    "tv_mean": 0.11056483536958694,
    "tv_stderr": 0.0012228884159068806,
    "num_eval_kl": 100
  },
  "checkpoint-760": {
    "kl_mean": 0.16169890761375427,
    "kl_stderr": 0.0032560643153667947,
    "tv_mean": 0.11067694425582886,
    "tv_stderr": 0.0012246695287837762,
    "num_eval_kl": 100
  },
  "checkpoint-800": {
    "kl_mean": 0.16236984729766846,
    "kl_stderr": 0.0032606908126985817,
    "tv_mean": 0.11083675920963287,
    "tv_stderr": 0.0012258308072021272,
    "num_eval_kl": 100
  },
  "checkpoint-840": {
    "kl_mean": 0.16294008493423462,
    "kl_stderr": 0.003278189052352404,
    "tv_mean": 0.11088241636753082,
    "tv_stderr": 0.0012271208299588915,
    "num_eval_kl": 100
  },
  "checkpoint-880": {
    "kl_mean": 0.16365164518356323,
    "kl_stderr": 0.0032867601954675893,
    "tv_mean": 0.11107128113508224,
    "tv_stderr": 0.0012282559782109967,
    "num_eval_kl": 100
  },
  "checkpoint-920": {
    "kl_mean": 0.16414356231689453,
    "kl_stderr": 0.0033015664672649075,
    "tv_mean": 0.11116084456443787,
    "tv_stderr": 0.0012298227788660218,
    "num_eval_kl": 100
  },
  "checkpoint-960": {
    "kl_mean": 0.16427677869796753,
    "kl_stderr": 0.003297201944475396,
    "tv_mean": 0.11113955080509186,
    "tv_stderr": 0.0012294382280503263,
    "num_eval_kl": 100
  },
  "checkpoint-1000": {
    "kl_mean": 0.16478094458580017,
    "kl_stderr": 0.003311300346704715,
    "tv_mean": 0.11122274398803711,
    "tv_stderr": 0.001230611057572211,
    "num_eval_kl": 100
  },
  "checkpoint-1040": {
    "kl_mean": 0.16534465551376343,
    "kl_stderr": 0.003323172638204505,
    "tv_mean": 0.1112787202000618,
    "tv_stderr": 0.0012313924953335892,
    "num_eval_kl": 100
  },
  "checkpoint-1080": {
    "kl_mean": 0.16558940708637238,
    "kl_stderr": 0.0033273927161265285,
    "tv_mean": 0.11136633902788162,
    "tv_stderr": 0.0012317508038364026,
    "num_eval_kl": 100
  },
  "checkpoint-1120": {
    "kl_mean": 0.1657334715127945,
    "kl_stderr": 0.003330110926295915,
    "tv_mean": 0.11135178059339523,
    "tv_stderr": 0.0012323209573350889,
    "num_eval_kl": 100
  },
  "checkpoint-1160": {
    "kl_mean": 0.16615283489227295,
    "kl_stderr": 0.0033344651315948912,
    "tv_mean": 0.11156567186117172,
    "tv_stderr": 0.0012333668368647405,
    "num_eval_kl": 100
  },
  "checkpoint-1200": {
    "kl_mean": 0.16633477807044983,
    "kl_stderr": 0.0033390703210657915,
    "tv_mean": 0.11152360588312149,
    "tv_stderr": 0.001233182243501476,
    "num_eval_kl": 100
  }
}