{
  "checkpoint-8": {
    "kl_mean": 0.07775171101093292,
    "kl_stderr": 0.0017202843405030544,
    "tv_mean": 0.07827778160572052,
    "tv_stderr": 0.0006353717772972932,
    "num_eval_kl": 100
  },
  "checkpoint-16": {
    "kl_mean": 0.2868506908416748,
    "kl_stderr": 0.004176770266504367,
    "tv_mean": 0.16139665246009827,
    "tv_stderr": 0.0010836565053132347,
    "num_eval_kl": 100
  },
  "checkpoint-24": {
    "kl_mean": 0.42064201831817627,
    "kl_stderr": 0.005328935987569554,
    "tv_mean": 0.20263321697711945,
    "tv_stderr": 0.0012577959430272027,
    "num_eval_kl": 100
  },
  "checkpoint-32": {
    "kl_mean": 0.470763236284256,
    "kl_stderr": 0.005735609503271787,
    "tv_mean": 0.21581459045410156,
    "tv_stderr": 0.001309527316698929,
    "num_eval_kl": 100
  },
  "checkpoint-40": {
    "kl_mean": 0.4861592948436737,
    "kl_stderr": 0.00593358718280667,
    "tv_mean": 0.2174534797668457,
    "tv_stderr": 0.0013220028065972975,
    "num_eval_kl": 100
  },
  "checkpoint-48": {
    "kl_mean": 0.4765510559082031,
    "kl_stderr": 0.005943262233670576,
    "tv_mean": 0.2122160792350769,
    "tv_stderr": 0.0013088694071186706,
    "num_eval_kl": 100
  },
  "checkpoint-56": {
    "kl_mean": 0.45859166979789734,
    "kl_stderr": 0.005897290897398657,
    "tv_mean": 0.20425787568092346,
    "tv_stderr": 0.0012844131985880365,
    "num_eval_kl": 100
  },
  "checkpoint-64": {
    "kl_mean": 0.4475589394569397,
    "kl_stderr": 0.005685204355332212,
    "tv_mean": 0.19999216496944427,
    "tv_stderr": 0.001269514813952601,
    "num_eval_kl": 100
  },
  "checkpoint-72": {
    "kl_mean": 0.4736226797103882,
    "kl_stderr": 0.005899692978992454,
    "tv_mean": 0.20531995594501495,
    "tv_stderr": 0.001290142475386393,
    "num_eval_kl": 100
  },
  "checkpoint-80": {
    "kl_mean": 0.4937898516654968,
    "kl_stderr": 0.00604648991492534,
    "tv_mean": 0.20680482685565948,
    "tv_stderr": 0.0013011082472086392,
    "num_eval_kl": 100
  },
  "checkpoint-88": {
    "kl_mean": 0.5383665561676025,
    "kl_stderr": 0.006329420723773182,
    "tv_mean": 0.22283856570720673,
    "tv_stderr": 0.0013526943879909345,
    "num_eval_kl": 100
  },
  "checkpoint-96": {
    "kl_mean": 0.5171321630477905,
    "kl_stderr": 0.005860722204674323,
    "tv_mean": 0.22100730240345,
    "tv_stderr": 0.0013385686912993754,
    "num_eval_kl": 100
  },
  "checkpoint-104": {
    "kl_mean": 0.5567377805709839,
    "kl_stderr": 0.006139806254924962,
    "tv_mean": 0.22788310050964355,
    "tv_stderr": 0.0013713613288984944,
    "num_eval_kl": 100
  },
  "checkpoint-112": {
    "kl_mean": 0.5847730040550232,
    "kl_stderr": 0.006489170168483632,
    "tv_mean": 0.22990304231643677,
    "tv_stderr": 0.0013853078183049912,
    "num_eval_kl": 100
  },
  "checkpoint-120": {
    "kl_mean": 0.6413301229476929,
    "kl_stderr": 0.007064263027370566,
    "tv_mean": 0.23615433275699615,
    "tv_stderr": 0.0014186503207847497,
    "num_eval_kl": 100
  },
  "checkpoint-128": {
    "kl_mean": 0.6667686700820923,
    "kl_stderr": 0.00725830641067626,
    "tv_mean": 0.24151693284511566,
    "tv_stderr": 0.0014380469460092838,
    "num_eval_kl": 100
  },
  "checkpoint-136": {
    "kl_mean": 0.6775962710380554,
    "kl_stderr": 0.007345925458781519,
    "tv_mean": 0.24336211383342743,
    "tv_stderr": 0.001446577120955556,
    "num_eval_kl": 100
  },
  "checkpoint-144": {
    "kl_mean": 0.6811971664428711,
    "kl_stderr": 0.007397785690296135,
    "tv_mean": 0.24319550395011902,
    "tv_stderr": 0.0014479481867684277,
    "num_eval_kl": 100
  },
  "checkpoint-152": {
    "kl_mean": 0.6807679533958435,
    "kl_stderr": 0.007410815330134051,
    "tv_mean": 0.24272990226745605,
    "tv_stderr": 0.001446868811036964,
    "num_eval_kl": 100
  },
  "checkpoint-160": {
    "kl_mean": 0.6801111102104187,
    "kl_stderr": 0.007413128649793317,
    "tv_mean": 0.24233569204807281,
    "tv_stderr": 0.0014459013059505731,
    "num_eval_kl": 100
  },
  "checkpoint-168": {
    "kl_mean": 0.6804202198982239,
    "kl_stderr": 0.007422710041512512,
    "tv_mean": 0.24217519164085388,
    "tv_stderr": 0.0014454452532524642,
    "num_eval_kl": 100
  },
  "checkpoint-176": {
    "kl_mean": 0.6812099814414978,
    "kl_stderr": 0.0074334214644809805,
    "tv_mean": 0.24216437339782715,
    "tv_stderr": 0.0014457657144436857,
    "num_eval_kl": 100
  },
  "checkpoint-184": {
    "kl_mean": 0.6816571354866028,
    "kl_stderr": 0.007440145334059542,
    "tv_mean": 0.24208472669124603,
    "tv_stderr": 0.0014458982451942101,
    "num_eval_kl": 100
  },
  "checkpoint-192": {
    "kl_mean": 0.6821951866149902,
    "kl_stderr": 0.007448080651006636,
    "tv_mean": 0.24212847650051117,
    "tv_stderr": 0.0014459040606313,
    "num_eval_kl": 100
  },
  "checkpoint-200": {
    "kl_mean": 0.6825131177902222,
    "kl_stderr": 0.007453960976131514,
    "tv_mean": 0.24202768504619598,
    "tv_stderr": 0.0014457752027884116,
    "num_eval_kl": 100
  },
  "checkpoint-208": {
    "kl_mean": 0.6828208565711975,
    "kl_stderr": 0.007462360915894534,
    "tv_mean": 0.2419927418231964,
    "tv_stderr": 0.001445949818938929,
    "num_eval_kl": 100
  },
  "checkpoint-216": {
    "kl_mean": 0.6828352212905884,
    "kl_stderr": 0.007457037036276476,
    "tv_mean": 0.2419215738773346,
    "tv_stderr": 0.00144563746875207,
    "num_eval_kl": 100
  },
  "checkpoint-224": {
    "kl_mean": 0.6834853291511536,
    "kl_stderr": 0.007468765242508783,
    "tv_mean": 0.2418878823518753,
    "tv_stderr": 0.001445781477338956,
    "num_eval_kl": 100
  },
  "checkpoint-232": {
    "kl_mean": 0.6840566396713257,
    "kl_stderr": 0.007473524106502203,
    "tv_mean": 0.24194638431072235,
    "tv_stderr": 0.0014460494465585495,
    "num_eval_kl": 100
  },
  "checkpoint-240": {
    "kl_mean": 0.6839966177940369,
    "kl_stderr": 0.007478353980043249,
    "tv_mean": 0.24188554286956787,
    "tv_stderr": 0.0014456397643193423,
    "num_eval_kl": 100
  }
}