{
  "checkpoint-78": {
    "kl_mean": 0.021170007064938545,
    "kl_stderr": 0.0007176200367654701,
    "tv_mean": 0.041238732635974884,
    "tv_stderr": 0.0004943855443923857,
    "num_eval_kl": 100
  },
  "checkpoint-156": {
    "kl_mean": 0.04643961042165756,
    "kl_stderr": 0.0011146150413650407,
    "tv_mean": 0.06620752811431885,
    "tv_stderr": 0.0007158807950299494,
    "num_eval_kl": 100
  },
  "checkpoint-234": {
    "kl_mean": 0.09436532109975815,
    "kl_stderr": 0.0018209631056450275,
    "tv_mean": 0.09900888800621033,
    "tv_stderr": 0.000991636133843061,
    "num_eval_kl": 100
  },
  "checkpoint-312": {
    "kl_mean": 0.09538161754608154,
    "kl_stderr": 0.0020201354401802422,
    "tv_mean": 0.09493658691644669,
    "tv_stderr": 0.0009948514929976422,
    "num_eval_kl": 100
  },
  "checkpoint-390": {
    "kl_mean": 0.10026631504297256,
    "kl_stderr": 0.002132755313299957,
    "tv_mean": 0.0938219279050827,
    "tv_stderr": 0.0010064349606901802,
    "num_eval_kl": 100
  },
  "checkpoint-468": {
    "kl_mean": 0.10997731983661652,
    "kl_stderr": 0.00237071699250998,
    "tv_mean": 0.09799011051654816,
    "tv_stderr": 0.0010457858741889747,
    "num_eval_kl": 100
  },
  "checkpoint-546": {
    "kl_mean": 0.12732724845409393,
    "kl_stderr": 0.0027144584233095882,
    "tv_mean": 0.10149423778057098,
    "tv_stderr": 0.0010957716083617821,
    "num_eval_kl": 100
  },
  "checkpoint-625": {
    "kl_mean": 0.15118952095508575,
    "kl_stderr": 0.0031061337961764877,
    "tv_mean": 0.10798557847738266,
    "tv_stderr": 0.0011680539350983144,
    "num_eval_kl": 100
  },
  "checkpoint-703": {
    "kl_mean": 0.15414918959140778,
    "kl_stderr": 0.0031135239352731484,
    "tv_mean": 0.11233717948198318,
    "tv_stderr": 0.0011962942049717597,
    "num_eval_kl": 100
  },
  "checkpoint-781": {
    "kl_mean": 0.15767310559749603,
    "kl_stderr": 0.0032117062915505744,
    "tv_mean": 0.11230703443288803,
    "tv_stderr": 0.00120189656483763,
    "num_eval_kl": 100
  },
  "checkpoint-859": {
    "kl_mean": 0.17689558863639832,
    "kl_stderr": 0.0034284303175101407,
    "tv_mean": 0.11853824555873871,
    "tv_stderr": 0.001253793698909957,
    "num_eval_kl": 100
  },
  "checkpoint-937": {
    "kl_mean": 0.17343877255916595,
    "kl_stderr": 0.0033217771131452745,
    "tv_mean": 0.1180504634976387,
    "tv_stderr": 0.0012493195859020864,
    "num_eval_kl": 100
  },
  "checkpoint-1015": {
    "kl_mean": 0.18735377490520477,
    "kl_stderr": 0.0036786743154887543,
    "tv_mean": 0.11936719715595245,
    "tv_stderr": 0.0012713457235436583,
    "num_eval_kl": 100
  },
  "checkpoint-1093": {
    "kl_mean": 0.18905901908874512,
    "kl_stderr": 0.003718865138688296,
    "tv_mean": 0.11938159167766571,
    "tv_stderr": 0.0012725383908759286,
    "num_eval_kl": 100
  },
  "checkpoint-1171": {
    "kl_mean": 0.190521240234375,
    "kl_stderr": 0.0037407445531462274,
    "tv_mean": 0.11959723383188248,
    "tv_stderr": 0.0012743432748533352,
    "num_eval_kl": 100
  },
  "checkpoint-1250": {
    "kl_mean": 0.19185596704483032,
    "kl_stderr": 0.003766763760564522,
    "tv_mean": 0.11976910382509232,
    "tv_stderr": 0.0012768455659996117,
    "num_eval_kl": 100
  },
  "checkpoint-1328": {
    "kl_mean": 0.19296333193778992,
    "kl_stderr": 0.003791136469516289,
    "tv_mean": 0.11994626373052597,
    "tv_stderr": 0.0012787878432988678,
    "num_eval_kl": 100
  },
  "checkpoint-1406": {
    "kl_mean": 0.19377751648426056,
    "kl_stderr": 0.0038125329525567583,
    "tv_mean": 0.12002572417259216,
    "tv_stderr": 0.00127917192260926,
    "num_eval_kl": 100
  },
  "checkpoint-1484": {
    "kl_mean": 0.19447313249111176,
    "kl_stderr": 0.0038255498868715984,
    "tv_mean": 0.12008693814277649,
    "tv_stderr": 0.0012805421905249072,
    "num_eval_kl": 100
  },
  "checkpoint-1562": {
    "kl_mean": 0.19501595199108124,
    "kl_stderr": 0.003834530545264041,
    "tv_mean": 0.12020521610975266,
    "tv_stderr": 0.0012812209379701952,
    "num_eval_kl": 100
  },
  "checkpoint-1640": {
    "kl_mean": 0.1955045610666275,
    "kl_stderr": 0.0038429287537132518,
    "tv_mean": 0.12026381492614746,
    "tv_stderr": 0.0012822284519738295,
    "num_eval_kl": 100
  },
  "checkpoint-1718": {
    "kl_mean": 0.19582413136959076,
    "kl_stderr": 0.003849628038758252,
    "tv_mean": 0.12030943483114243,
    "tv_stderr": 0.0012827368183716504,
    "num_eval_kl": 100
  },
  "checkpoint-1796": {
    "kl_mean": 0.19602781534194946,
    "kl_stderr": 0.0038505085999996605,
    "tv_mean": 0.12032429873943329,
    "tv_stderr": 0.0012826656226406032,
    "num_eval_kl": 100
  },
  "checkpoint-1875": {
    "kl_mean": 0.19611400365829468,
    "kl_stderr": 0.003854188564057472,
    "tv_mean": 0.12034457921981812,
    "tv_stderr": 0.001282742482930595,
    "num_eval_kl": 100
  },
  "checkpoint-1953": {
    "kl_mean": 0.1964559406042099,
    "kl_stderr": 0.003866659479317978,
    "tv_mean": 0.12039278447628021,
    "tv_stderr": 0.0012828060148465997,
    "num_eval_kl": 100
  },
  "checkpoint-2031": {
    "kl_mean": 0.19660593569278717,
    "kl_stderr": 0.0038639751447969955,
    "tv_mean": 0.12042751908302307,
    "tv_stderr": 0.0012833983500005386,
    "num_eval_kl": 100
  },
  "checkpoint-2109": {
    "kl_mean": 0.19689784944057465,
    "kl_stderr": 0.003877443022431729,
    "tv_mean": 0.12042027711868286,
    "tv_stderr": 0.001284114639032557,
    "num_eval_kl": 100
  },
  "checkpoint-2187": {
    "kl_mean": 0.19675897061824799,
    "kl_stderr": 0.0038646375649841495,
    "tv_mean": 0.12040060758590698,
    "tv_stderr": 0.0012839843541768339,
    "num_eval_kl": 100
  },
  "checkpoint-2265": {
    "kl_mean": 0.19687068462371826,
    "kl_stderr": 0.0038733716484578326,
    "tv_mean": 0.12036402523517609,
    "tv_stderr": 0.0012835181942966384,
    "num_eval_kl": 100
  },
  "checkpoint-2340": {
    "kl_mean": 0.19704800844192505,
    "kl_stderr": 0.003868943074061084,
    "tv_mean": 0.12047799676656723,
    "tv_stderr": 0.001284223265280551,
    "num_eval_kl": 100
  }
}